{
  "description": "处决",
  "supported_items": "#kards:jinzhanwuqi",
  "weight": 1,
  "max_level": 1,
  "min_cost": {
    "base": 0,
    "per_level_above_first": 0
  },
  "max_cost": {
    "base": 0,
    "per_level_above_first": 0
  },
  "anvil_cost": 0,
  "slots": [
    "mainhand"
  ],
  "effects": {
    "minecraft:post_attack": [
      {
        "effect": {
          "type": "minecraft:run_function",
          "function": "kards:game/yongpaiku/shenji/wangzhibaoku/sishenzhilian/chujue"
        },
        "enchanted": "attacker",
        "affected": "victim"
      }
    ]
  }
}