{
    "description": "失明",
    "supported_items": "#kards:jinzhanwuqi",
    "weight": 1,
    "max_level": 1,
    "min_cost": {
      "base": 0,
      "per_level_above_first": 0
    },
    "max_cost": {
      "base": 0,
      "per_level_above_first": 0
    },
    "anvil_cost": 0,
    "slots": [
      "mainhand"
    ],
    "effects": {
      "minecraft:post_attack": [
        {
          "enchanted": "attacker",
          "affected": "victim",
          "effect": {
            "type": "minecraft:apply_mob_effect",
            "to_apply": "minecraft:blindness",
            "min_duration": 3,
            "max_duration": 5,
            "min_amplifier": 1,
            "max_amplifier": 1
          },
          "requirements": {
            "condition": "minecraft:entity_properties",
            "entity": "this",
            "predicate": {}
          }
        }
      ]
    }
  }
  