{
  "criteria": {
    "requirement": {
      "trigger": "minecraft:player_hurt_entity",
      "conditions": {
        "player": [
          {
            "condition": "minecraft:entity_properties",
            "entity": "this",
            "predicate": {
              "equipment": {
                "hand": {
                  "components": {
                    "minecraft:custom_data": "{kards:'轻灵之语'}"
                  }
                }
              }
            }
          }
        ],
        "damage": {
          "type": {
            "tags": [
              {
                "id": "minecraft:is_player_attack",
                "expected": true
              }
            ]
          }
        }
      }
    }
  },
  "rewards": {
    "function": "kards:game/yongpaiku/shenji/wangzhibaoku/qinglingzhiyu/1"
  }
}