{
    "criteria": {
      "requirement": {
        "trigger": "minecraft:using_item",
        "conditions": {
          "player": [
            {
              "condition": "minecraft:entity_properties",
              "entity": "this",
              "predicate": {
                "equipment": {
                  "hand": {
                    "components": {
                      "minecraft:custom_data": "{kards:'轻灵之语'}"
                    }
                  }
                }
              }
            }
          ]
        }
      }
    },
    "rewards": {
      "function": "kards:game/yongpaiku/shenji/wangzhibaoku/qinglingzhiyu/2"
    }
  }
  