{
    "display": {
      "icon": {
        "id": "minecraft:golden_apple",
        "count": 1
      },
      "title": "自学成才",
      "description": "教程?不需要!",
      "frame": "task",
      "show_toast": true,
      "announce_to_chat": true,
      "hidden": false
    },
    "parent": "kards:chengjiu/first_join_game",
    "criteria": {
      "requirement": {
        "trigger": "minecraft:impossible"
      }
    },
    "rewards": {
      "function": "kards:chengjiu/zixuechengcai"
    }
  }