{
  "criteria": {
    "requirement": {
      "trigger": "minecraft:entity_hurt_player",
      "conditions": {
        "damage": {
          "source_entity": {
            "equipment": {
              "mainhand": {
                "components": {
                  "minecraft:custom_data": "{kards:'正义长戟'}"
                }
              }
            }
          }
        }
      }
    }
  },
  "rewards": {
    "function": "kards:game/yongpaiku/shenji/wangzhibaoku/zhengyichangji/1"
  }
}
