{
    "criteria": {
      "requirement": {
        "trigger": "minecraft:player_hurt_entity",
        "conditions": {
          "player": [
            {
              "condition": "minecraft:entity_properties",
              "entity": "this",
              "predicate": {
                "equipment": {
                  "mainhand": {
                    "components": {
                      "minecraft:custom_data": "{kards:'正义长戟'}"
                    }
                  }
                }
              }
            }
          ]
        }
      }
    },
    "rewards": {
      "function": "kards:game/yongpaiku/shenji/wangzhibaoku/zhengyichangji/2"
    }
  }
  