{
	"credit": "Made with Blockbench",
	"textures": {
		"1": "item/card/elysia",
		"2": "item/card/elysia_flower",
		"3": "item/card/elysia_2",
		"4": "item/card/elysia_line",
		"particle": "item/card/elysia"
	},
	"elements": [
		{
			"from": [7.6, 9.3, 7.1],
			"to": [8.4, 10.3, 8],
			"rotation": {"angle": 22.5, "axis": "x", "origin": [7, 8.8, 6]},
			"faces": {
				"north": {"uv": [9, 5, 9.5, 5.5], "texture": "#1"},
				"east": {"uv": [12, 4.5, 12.5, 5], "texture": "#1"},
				"south": {"uv": [12.5, 4, 13, 4.5], "texture": "#1"},
				"west": {"uv": [12.5, 4.5, 13, 5], "texture": "#1"},
				"up": {"uv": [6, 13, 5.5, 12.5], "texture": "#1"},
				"down": {"uv": [13, 6, 12.5, 6.5], "texture": "#1"}
			}
		},
		{
			"from": [7.7, 11.7, 9.6],
			"to": [8.3, 24, 10.6],
			"rotation": {"angle": 22.5, "axis": "x", "origin": [7, 14.4, 8.6]},
			"faces": {
				"north": {"uv": [5, 6.5, 5.25, 12.75], "texture": "#1"},
				"east": {"uv": [4, 0, 4.5, 6.25], "texture": "#1"},
				"south": {"uv": [6, 7, 6.25, 13.25], "texture": "#1"},
				"west": {"uv": [4.5, 0, 5, 6.25], "texture": "#1"},
				"up": {"uv": [14.25, 8, 14, 7.5], "texture": "#1"},
				"down": {"uv": [8.25, 14, 8, 14.5], "texture": "#1"}
			}
		},
		{
			"from": [7.7, 16.6, 12.7],
			"to": [8.3, 25.9, 13.5],
			"rotation": {"angle": 22.5, "axis": "x", "origin": [7, 19.3, 11.7]},
			"faces": {
				"north": {"uv": [9.5, 0, 9.75, 4.75], "texture": "#1"},
				"east": {"uv": [1.5, 5, 2, 9.75], "texture": "#1"},
				"south": {"uv": [9.5, 5, 9.75, 9.75], "texture": "#1"},
				"west": {"uv": [2, 5, 2.5, 9.75], "texture": "#1"},
				"up": {"uv": [14.25, 8.5, 14, 8], "texture": "#1"},
				"down": {"uv": [8.75, 14, 8.5, 14.5], "texture": "#1"}
			}
		},
		{
			"from": [7.7, -8, 11.9],
			"to": [8.3, 4.7, 12.9],
			"rotation": {"angle": -22.5, "axis": "x", "origin": [7, -3.8, 10.9]},
			"faces": {
				"north": {"uv": [7.5, 2.5, 7.75, 8.75], "texture": "#1"},
				"east": {"uv": [0, 5, 0.5, 11.25], "texture": "#1"},
				"south": {"uv": [8, 0, 8.25, 6.25], "texture": "#1"},
				"west": {"uv": [5, 0, 5.5, 6.25], "texture": "#1"},
				"up": {"uv": [14.25, 9, 14, 8.5], "texture": "#1"},
				"down": {"uv": [9.25, 14, 9, 14.5], "texture": "#1"}
			}
		},
		{
			"from": [7.4, -14, 11.3],
			"to": [8.6, -4.3, 12.8],
			"rotation": {"angle": -22.5, "axis": "x", "origin": [7, -2.4, 10.8]},
			"faces": {
				"north": {"uv": [2.5, 5, 3, 9.75], "texture": "#1"},
				"east": {"uv": [0, 0, 0.75, 4.75], "texture": "#1"},
				"south": {"uv": [3, 5, 3.5, 9.75], "texture": "#1"},
				"west": {"uv": [1, 0, 1.75, 4.75], "texture": "#1"},
				"up": {"uv": [5, 12.25, 4.5, 11.5], "texture": "#1"},
				"down": {"uv": [12, 6, 11.5, 6.75], "texture": "#1"}
			}
		},
		{
			"from": [7.4, 19.2, 16.1],
			"to": [8.6, 28.9, 17.6],
			"rotation": {"angle": 22.5, "axis": "x", "origin": [7, 29.8, 15.6]},
			"faces": {
				"north": {"uv": [3.5, 5, 4, 9.75], "texture": "#1"},
				"east": {"uv": [2, 0, 2.75, 4.75], "texture": "#1"},
				"south": {"uv": [5.5, 0, 6, 4.75], "texture": "#1"},
				"west": {"uv": [3, 0, 3.75, 4.75], "texture": "#1"},
				"up": {"uv": [12, 7.75, 11.5, 7], "texture": "#1"},
				"down": {"uv": [8, 11.5, 7.5, 12.25], "texture": "#1"}
			}
		},
		{
			"from": [7.4, -12.3, 15.5],
			"to": [8.6, -7.6, 17],
			"rotation": {"angle": 0, "axis": "x", "origin": [7, -13.1, 16.5]},
			"faces": {
				"north": {"uv": [10, 0, 10.5, 2.25], "texture": "#1"},
				"east": {"uv": [6.5, 3.5, 7.25, 5.75], "texture": "#1"},
				"south": {"uv": [1.5, 10, 2, 12.25], "texture": "#1"},
				"west": {"uv": [4, 6.5, 4.75, 8.75], "texture": "#1"},
				"up": {"uv": [12, 8.75, 11.5, 8], "texture": "#1"},
				"down": {"uv": [12, 9, 11.5, 9.75], "texture": "#1"}
			}
		},
		{
			"from": [7.4, 23.4, 15.4],
			"to": [8.6, 28.1, 17],
			"rotation": {"angle": 0, "axis": "x", "origin": [7, 23.6, 16.5]},
			"faces": {
				"north": {"uv": [2, 10, 2.5, 12.25], "texture": "#1"},
				"east": {"uv": [6.5, 6, 7.25, 8.25], "texture": "#1"},
				"south": {"uv": [2.5, 10, 3, 12.25], "texture": "#1"},
				"west": {"uv": [7, 0, 7.75, 2.25], "texture": "#1"},
				"up": {"uv": [12, 10.75, 11.5, 10], "texture": "#1"},
				"down": {"uv": [12, 11, 11.5, 11.75], "texture": "#1"}
			}
		},
		{
			"from": [7.4, -7.7, 16],
			"to": [8.6, -4, 17.7],
			"rotation": {"angle": -45, "axis": "x", "origin": [7, -8.5, 17.2]},
			"faces": {
				"north": {"uv": [3.5, 10, 4, 11.75], "texture": "#1"},
				"east": {"uv": [8.5, 5.5, 9.25, 7.25], "texture": "#1"},
				"south": {"uv": [10, 4.5, 10.5, 6.25], "texture": "#1"},
				"west": {"uv": [6.5, 8.5, 7.25, 10.25], "texture": "#1"},
				"up": {"uv": [12.5, 0.75, 12, 0], "texture": "#1"},
				"down": {"uv": [12.5, 1, 12, 1.75], "texture": "#1"}
			}
		},
		{
			"from": [7.4, 22.4, 13],
			"to": [8.6, 25.8, 14.2],
			"rotation": {"angle": 45, "axis": "x", "origin": [7, 21.6, 13.7]},
			"faces": {
				"north": {"uv": [10, 6.5, 10.5, 8.25], "texture": "#1"},
				"east": {"uv": [8.5, 10, 9, 11.75], "texture": "#1"},
				"south": {"uv": [10, 8.5, 10.5, 10.25], "texture": "#1"},
				"west": {"uv": [9, 10, 9.5, 11.75], "texture": "#1"},
				"up": {"uv": [13, 7, 12.5, 6.5], "texture": "#1"},
				"down": {"uv": [13, 7, 12.5, 7.5], "texture": "#1"}
			}
		},
		{
			"from": [7.7, -11, 15.1],
			"to": [8.3, -0.2, 16.1],
			"rotation": {"angle": -22.5, "axis": "x", "origin": [7, -9.8, 14.1]},
			"faces": {
				"north": {"uv": [8, 6.5, 8.25, 12], "texture": "#1"},
				"east": {"uv": [0.5, 5, 1, 10.5], "texture": "#1"},
				"south": {"uv": [8.5, 0, 8.75, 5.5], "texture": "#1"},
				"west": {"uv": [1, 5, 1.5, 10.5], "texture": "#1"},
				"up": {"uv": [14.25, 9.5, 14, 9], "texture": "#1"},
				"down": {"uv": [9.75, 14, 9.5, 14.5], "texture": "#1"}
			}
		},
		{
			"from": [7.7, 6.8, 10.6],
			"to": [8.3, 8.1, 11.6],
			"rotation": {"angle": 22.5, "axis": "x", "origin": [7, 7.6, 9.6]},
			"faces": {
				"north": {"uv": [14, 5.5, 14.25, 6.25], "texture": "#1"},
				"east": {"uv": [12, 2, 12.5, 2.75], "texture": "#1"},
				"south": {"uv": [6, 14, 6.25, 14.75], "texture": "#1"},
				"west": {"uv": [3, 12, 3.5, 12.75], "texture": "#1"},
				"up": {"uv": [14.25, 10, 14, 9.5], "texture": "#1"},
				"down": {"uv": [10.25, 14, 10, 14.5], "texture": "#1"}
			}
		},
		{
			"from": [7.6, 10.8, 7.3],
			"to": [8.4, 11.7, 8.2],
			"rotation": {"angle": 45, "axis": "x", "origin": [7, 10, 6.2]},
			"faces": {
				"north": {"uv": [7.5, 12.5, 8, 13], "texture": "#1"},
				"east": {"uv": [12.5, 7.5, 13, 8], "texture": "#1"},
				"south": {"uv": [12.5, 8, 13, 8.5], "texture": "#1"},
				"west": {"uv": [12.5, 8.5, 13, 9], "texture": "#1"},
				"up": {"uv": [13, 9.5, 12.5, 9], "texture": "#1"},
				"down": {"uv": [13, 9.5, 12.5, 10], "texture": "#1"}
			}
		},
		{
			"from": [7.6, 7, 10.1],
			"to": [8.4, 7.8, 11],
			"rotation": {"angle": 45, "axis": "x", "origin": [7, 6.7, 9.1]},
			"faces": {
				"north": {"uv": [12.5, 10, 13, 10.5], "texture": "#1"},
				"east": {"uv": [12.5, 10.5, 13, 11], "texture": "#1"},
				"south": {"uv": [11, 12.5, 11.5, 13], "texture": "#1"},
				"west": {"uv": [12.5, 11, 13, 11.5], "texture": "#1"},
				"up": {"uv": [13, 12, 12.5, 11.5], "texture": "#1"},
				"down": {"uv": [12.5, 12.5, 12, 13], "texture": "#1"}
			}
		},
		{
			"from": [7.6, 5, 9.3],
			"to": [8.4, 6, 10.1],
			"rotation": {"angle": -22.5, "axis": "x", "origin": [7, 7, 8.8]},
			"faces": {
				"north": {"uv": [12.5, 12, 13, 12.5], "texture": "#1"},
				"east": {"uv": [12.5, 12.5, 13, 13], "texture": "#1"},
				"south": {"uv": [13, 0, 13.5, 0.5], "texture": "#1"},
				"west": {"uv": [13, 0.5, 13.5, 1], "texture": "#1"},
				"up": {"uv": [13.5, 1.5, 13, 1], "texture": "#1"},
				"down": {"uv": [13.5, 1.5, 13, 2], "texture": "#1"}
			}
		},
		{
			"from": [7.6, 9.1, 7.8],
			"to": [8.4, 10.1, 8.6],
			"rotation": {"angle": -22.5, "axis": "x", "origin": [7, 11.1, 7.1]},
			"faces": {
				"north": {"uv": [13, 2, 13.5, 2.5], "texture": "#1"},
				"east": {"uv": [13, 2.5, 13.5, 3], "texture": "#1"},
				"south": {"uv": [3, 13, 3.5, 13.5], "texture": "#1"},
				"west": {"uv": [13, 3, 13.5, 3.5], "texture": "#1"},
				"up": {"uv": [13.5, 4, 13, 3.5], "texture": "#1"},
				"down": {"uv": [13.5, 4, 13, 4.5], "texture": "#1"}
			}
		},
		{
			"from": [7.5, 9.7, 8.5],
			"to": [8.5, 10.7, 9.7],
			"rotation": {"angle": 0, "axis": "x", "origin": [7, 11.7, 8]},
			"faces": {
				"north": {"uv": [13, 4.5, 13.5, 5], "texture": "#1"},
				"east": {"uv": [5, 13, 5.5, 13.5], "texture": "#1"},
				"south": {"uv": [5.5, 13, 6, 13.5], "texture": "#1"},
				"west": {"uv": [13, 6, 13.5, 6.5], "texture": "#1"},
				"up": {"uv": [13.5, 7, 13, 6.5], "texture": "#1"},
				"down": {"uv": [13.5, 7, 13, 7.5], "texture": "#1"}
			}
		},
		{
			"from": [7.6, 9.7, 9.6],
			"to": [8.4, 12.7, 10.3],
			"rotation": {"angle": 0, "axis": "x", "origin": [7, 11.7, 9.1]},
			"faces": {
				"north": {"uv": [6.5, 10.5, 7, 12], "texture": "#1"},
				"east": {"uv": [12, 3, 12.25, 4.5], "texture": "#1"},
				"south": {"uv": [7, 10.5, 7.5, 12], "texture": "#1"},
				"west": {"uv": [3.5, 12, 3.75, 13.5], "texture": "#1"},
				"up": {"uv": [14.5, 10.25, 14, 10], "texture": "#1"},
				"down": {"uv": [11, 14, 10.5, 14.25], "texture": "#1"}
			}
		},
		{
			"from": [7.8, 11.5, 12.3],
			"to": [8.2, 13.5, 13.3],
			"rotation": {"angle": 45, "axis": "x", "origin": [7, 14.5, 11.8]},
			"faces": {
				"north": {"uv": [7.5, 13, 7.75, 14], "texture": "#1"},
				"east": {"uv": [7, 2.5, 7.5, 3.5], "texture": "#1"},
				"south": {"uv": [13, 7.5, 13.25, 8.5], "texture": "#1"},
				"west": {"uv": [11, 7.5, 11.5, 8.5], "texture": "#1"},
				"up": {"uv": [14.25, 11, 14, 10.5], "texture": "#1"},
				"down": {"uv": [11.25, 14, 11, 14.5], "texture": "#1"}
			}
		},
		{
			"from": [7.8, -1.3, 11.5],
			"to": [8.2, 1.3, 12.5],
			"rotation": {"angle": 22.5, "axis": "x", "origin": [7, -0.7, 11]},
			"faces": {
				"north": {"uv": [4, 12.5, 4.25, 13.75], "texture": "#1"},
				"east": {"uv": [5.5, 11, 6, 12.25], "texture": "#1"},
				"south": {"uv": [4.5, 12.5, 4.75, 13.75], "texture": "#1"},
				"west": {"uv": [11, 6, 11.5, 7.25], "texture": "#1"},
				"up": {"uv": [14.25, 11.5, 14, 11], "texture": "#1"},
				"down": {"uv": [11.75, 14, 11.5, 14.5], "texture": "#1"}
			}
		},
		{
			"from": [7.8, 2.5, 12.3],
			"to": [8.2, 4.5, 13.3],
			"rotation": {"angle": -45, "axis": "x", "origin": [7, 1.5, 11.8]},
			"faces": {
				"north": {"uv": [13, 8.5, 13.25, 9.5], "texture": "#1"},
				"east": {"uv": [11, 8.5, 11.5, 9.5], "texture": "#1"},
				"south": {"uv": [13, 9.5, 13.25, 10.5], "texture": "#1"},
				"west": {"uv": [11, 9.5, 11.5, 10.5], "texture": "#1"},
				"up": {"uv": [14.25, 12, 14, 11.5], "texture": "#1"},
				"down": {"uv": [12.25, 14, 12, 14.5], "texture": "#1"}
			}
		},
		{
			"from": [7.8, 14.9, 11.7],
			"to": [8.2, 17.7, 12.7],
			"rotation": {"angle": -22.5, "axis": "x", "origin": [7, 16.9, 11.2]},
			"faces": {
				"north": {"uv": [12, 6, 12.25, 7.5], "texture": "#1"},
				"east": {"uv": [10.5, 7.5, 11, 9], "texture": "#1"},
				"south": {"uv": [6.5, 12, 6.75, 13.5], "texture": "#1"},
				"west": {"uv": [10.5, 9, 11, 10.5], "texture": "#1"},
				"up": {"uv": [14.25, 12.5, 14, 12], "texture": "#1"},
				"down": {"uv": [14.25, 12.5, 14, 13], "texture": "#1"}
			}
		},
		{
			"from": [7.8, 13.2, 12.1],
			"to": [8.2, 16.2, 13.1],
			"rotation": {"angle": 22.5, "axis": "x", "origin": [7, 15.2, 11.6]},
			"faces": {
				"north": {"uv": [7, 12, 7.25, 13.5], "texture": "#1"},
				"east": {"uv": [10, 10.5, 10.5, 12], "texture": "#1"},
				"south": {"uv": [12, 7.5, 12.25, 9], "texture": "#1"},
				"west": {"uv": [10.5, 10.5, 11, 12], "texture": "#1"},
				"up": {"uv": [13.25, 14.5, 13, 14], "texture": "#1"},
				"down": {"uv": [14.25, 13, 14, 13.5], "texture": "#1"}
			}
		},
		{
			"from": [7.5, 13.5, 9.6],
			"to": [8.5, 20.5, 10.2],
			"rotation": {"angle": 22.5, "axis": "x", "origin": [7, 17.5, 9.1]},
			"faces": {
				"north": {"uv": [5.5, 5, 6, 8.5], "texture": "#1"},
				"east": {"uv": [9.5, 10, 9.75, 13.5], "texture": "#1"},
				"south": {"uv": [6, 0, 6.5, 3.5], "texture": "#1"},
				"west": {"uv": [10.5, 0, 10.75, 3.5], "texture": "#1"},
				"up": {"uv": [14, 14.25, 13.5, 14], "texture": "#1"},
				"down": {"uv": [14.5, 13.5, 14, 13.75], "texture": "#1"}
			}
		},
		{
			"from": [7.5, -4.7, 9.2],
			"to": [8.5, 2.3, 9.8],
			"rotation": {"angle": -22.5, "axis": "x", "origin": [7, -0.7, 8.7]},
			"faces": {
				"north": {"uv": [6, 3.5, 6.5, 7], "texture": "#1"},
				"east": {"uv": [0.5, 10.5, 0.75, 14], "texture": "#1"},
				"south": {"uv": [6.5, 0, 7, 3.5], "texture": "#1"},
				"west": {"uv": [1, 10.5, 1.25, 14], "texture": "#1"},
				"up": {"uv": [14.5, 14.25, 14, 14], "texture": "#1"},
				"down": {"uv": [0.5, 14.5, 0, 14.75], "texture": "#1"}
			}
		},
		{
			"from": [7.5, 18.9, 12],
			"to": [8.5, 22.9, 12.5],
			"rotation": {"angle": 45, "axis": "x", "origin": [7, 20.9, 11.5]},
			"faces": {
				"north": {"uv": [10, 2.5, 10.5, 4.5], "texture": "#1"},
				"east": {"uv": [11, 10.5, 11.25, 12.5], "texture": "#1"},
				"south": {"uv": [3, 10, 3.5, 12], "texture": "#1"},
				"west": {"uv": [0, 11.5, 0.25, 13.5], "texture": "#1"},
				"up": {"uv": [15, 0.25, 14.5, 0], "texture": "#1"},
				"down": {"uv": [1, 14.5, 0.5, 14.75], "texture": "#1"}
			}
		},
		{
			"from": [7.5, -5, 10.8],
			"to": [8.5, -4.4, 14.5],
			"rotation": {"angle": 45, "axis": "x", "origin": [7, -3.6, 12.7]},
			"faces": {
				"north": {"uv": [14.5, 0.5, 15, 0.75], "texture": "#1"},
				"east": {"uv": [11.5, 5, 13.25, 5.25], "texture": "#1"},
				"south": {"uv": [1, 14.5, 1.5, 14.75], "texture": "#1"},
				"west": {"uv": [11.5, 5.5, 13.25, 5.75], "texture": "#1"},
				"up": {"uv": [11, 5.25, 10.5, 3.5], "texture": "#1"},
				"down": {"uv": [11, 5.5, 10.5, 7.25], "texture": "#1"}
			}
		},
		{
			"from": [7.8, -0.2, 11.6],
			"to": [8.2, 2.8, 12.6],
			"rotation": {"angle": -22.5, "axis": "x", "origin": [7, 1.8, 11.1]},
			"faces": {
				"north": {"uv": [8, 12, 8.25, 13.5], "texture": "#1"},
				"east": {"uv": [11, 0, 11.5, 1.5], "texture": "#1"},
				"south": {"uv": [8.5, 12, 8.75, 13.5], "texture": "#1"},
				"west": {"uv": [11, 1.5, 11.5, 3], "texture": "#1"},
				"up": {"uv": [14.75, 1.5, 14.5, 1], "texture": "#1"},
				"down": {"uv": [1.75, 14.5, 1.5, 15], "texture": "#1"}
			}
		},
		{
			"from": [7.6, 3.3, 9.7],
			"to": [8.4, 6.3, 10.4],
			"rotation": {"angle": 0, "axis": "x", "origin": [7, 7.3, 9.2]},
			"faces": {
				"north": {"uv": [11, 3, 11.5, 4.5], "texture": "#1"},
				"east": {"uv": [9, 12, 9.25, 13.5], "texture": "#1"},
				"south": {"uv": [11, 4.5, 11.5, 6], "texture": "#1"},
				"west": {"uv": [12, 9, 12.25, 10.5], "texture": "#1"},
				"up": {"uv": [15, 1.75, 14.5, 1.5], "texture": "#1"},
				"down": {"uv": [2.5, 14.5, 2, 14.75], "texture": "#1"}
			}
		},
		{
			"from": [7.6, 10.5, 9.6],
			"to": [8.4, 11.7, 10.7],
			"rotation": {"angle": 0, "axis": "x", "origin": [7, 11.7, 9.1]},
			"faces": {
				"north": {"uv": [10, 13, 10.5, 13.5], "texture": "#1"},
				"east": {"uv": [10.5, 13, 11, 13.5], "texture": "#1"},
				"south": {"uv": [13, 10.5, 13.5, 11], "texture": "#1"},
				"west": {"uv": [11, 13, 11.5, 13.5], "texture": "#1"},
				"up": {"uv": [13.5, 11.5, 13, 11], "texture": "#1"},
				"down": {"uv": [12, 13, 11.5, 13.5], "texture": "#1"}
			}
		},
		{
			"from": [7.4, 10.6, 10],
			"to": [8.6, 10.9, 10.3],
			"rotation": {"angle": 0, "axis": "x", "origin": [7, 11.3, 9]},
			"faces": {
				"north": {"uv": [14.5, 2, 15, 2.25], "texture": "#1"},
				"east": {"uv": [14.5, 12.5, 14.75, 12.75], "texture": "#1"},
				"south": {"uv": [2.5, 14.5, 3, 14.75], "texture": "#1"},
				"west": {"uv": [13, 14.5, 13.25, 14.75], "texture": "#1"},
				"up": {"uv": [15, 2.75, 14.5, 2.5], "texture": "#1"},
				"down": {"uv": [3.5, 14.5, 3, 14.75], "texture": "#1"}
			}
		},
		{
			"from": [7.4, 5.1, 10],
			"to": [8.6, 5.4, 10.3],
			"rotation": {"angle": 0, "axis": "x", "origin": [7, 5.8, 9]},
			"faces": {
				"north": {"uv": [14.5, 3, 15, 3.25], "texture": "#1"},
				"east": {"uv": [14.5, 13, 14.75, 13.25], "texture": "#1"},
				"south": {"uv": [3.5, 14.5, 4, 14.75], "texture": "#1"},
				"west": {"uv": [13.5, 14.5, 13.75, 14.75], "texture": "#1"},
				"up": {"uv": [15, 3.75, 14.5, 3.5], "texture": "#1"},
				"down": {"uv": [4.5, 14.5, 4, 14.75], "texture": "#1"}
			}
		},
		{
			"from": [7.6, 4.3, 9.6],
			"to": [8.4, 5.5, 10.7],
			"rotation": {"angle": 0, "axis": "x", "origin": [7, 5.3, 9.1]},
			"faces": {
				"north": {"uv": [13, 11.5, 13.5, 12], "texture": "#1"},
				"east": {"uv": [12, 13, 12.5, 13.5], "texture": "#1"},
				"south": {"uv": [13, 12, 13.5, 12.5], "texture": "#1"},
				"west": {"uv": [12.5, 13, 13, 13.5], "texture": "#1"},
				"up": {"uv": [13.5, 13, 13, 12.5], "texture": "#1"},
				"down": {"uv": [13.5, 13, 13, 13.5], "texture": "#1"}
			}
		},
		{
			"from": [7.6, 10.1, 9.8],
			"to": [8.4, 11.7, 10.8],
			"rotation": {"angle": 22.5, "axis": "x", "origin": [7, 12.7, 9.5]},
			"faces": {
				"north": {"uv": [10, 12, 10.5, 12.75], "texture": "#1"},
				"east": {"uv": [10.5, 12, 11, 12.75], "texture": "#1"},
				"south": {"uv": [12, 10.5, 12.5, 11.25], "texture": "#1"},
				"west": {"uv": [11.5, 12, 12, 12.75], "texture": "#1"},
				"up": {"uv": [0.5, 14, 0, 13.5], "texture": "#1"},
				"down": {"uv": [14, 0, 13.5, 0.5], "texture": "#1"}
			}
		},
		{
			"from": [7.6, 4.1, 8.6],
			"to": [8.4, 5.6, 9.6],
			"rotation": {"angle": -22.5, "axis": "x", "origin": [7, 6.1, 8.3]},
			"faces": {
				"north": {"uv": [12, 11.5, 12.5, 12.25], "texture": "#1"},
				"east": {"uv": [12.5, 0, 13, 0.75], "texture": "#1"},
				"south": {"uv": [12.5, 1, 13, 1.75], "texture": "#1"},
				"west": {"uv": [1.5, 12.5, 2, 13.25], "texture": "#1"},
				"up": {"uv": [14, 1, 13.5, 0.5], "texture": "#1"},
				"down": {"uv": [14, 1, 13.5, 1.5], "texture": "#1"}
			}
		},
		{
			"from": [7.5, 5.3, 8.5],
			"to": [8.5, 6.3, 9.7],
			"rotation": {"angle": 0, "axis": "x", "origin": [7, 7.3, 8]},
			"faces": {
				"north": {"uv": [1.5, 13.5, 2, 14], "texture": "#1"},
				"east": {"uv": [13.5, 1.5, 14, 2], "texture": "#1"},
				"south": {"uv": [2, 13.5, 2.5, 14], "texture": "#1"},
				"west": {"uv": [13.5, 2, 14, 2.5], "texture": "#1"},
				"up": {"uv": [3, 14, 2.5, 13.5], "texture": "#1"},
				"down": {"uv": [14, 2.5, 13.5, 3], "texture": "#1"}
			}
		},
		{
			"from": [7.6, 7.3, 7.6],
			"to": [8.4, 8.2, 8.4],
			"rotation": {"angle": 45, "axis": "x", "origin": [7, 6.7, 6.2]},
			"faces": {
				"north": {"uv": [3, 13.5, 3.5, 14], "texture": "#1"},
				"east": {"uv": [13.5, 3, 14, 3.5], "texture": "#1"},
				"south": {"uv": [3.5, 13.5, 4, 14], "texture": "#1"},
				"west": {"uv": [13.5, 3.5, 14, 4], "texture": "#1"},
				"up": {"uv": [14, 4.5, 13.5, 4], "texture": "#1"},
				"down": {"uv": [14, 4.5, 13.5, 5], "texture": "#1"}
			}
		},
		{
			"from": [7.6, 10.5, 9.9],
			"to": [8.4, 11.4, 10.8],
			"rotation": {"angle": 45, "axis": "x", "origin": [7, 10, 9.1]},
			"faces": {
				"north": {"uv": [5, 13.5, 5.5, 14], "texture": "#1"},
				"east": {"uv": [13.5, 5, 14, 5.5], "texture": "#1"},
				"south": {"uv": [5.5, 13.5, 6, 14], "texture": "#1"},
				"west": {"uv": [13.5, 5.5, 14, 6], "texture": "#1"},
				"up": {"uv": [6.5, 14, 6, 13.5], "texture": "#1"},
				"down": {"uv": [14, 6, 13.5, 6.5], "texture": "#1"}
			}
		},
		{
			"from": [7.6, 6.1, 8.1],
			"to": [8.4, 7.1, 8.9],
			"rotation": {"angle": 22.5, "axis": "x", "origin": [7, 5.6, 6.9]},
			"faces": {
				"north": {"uv": [6.5, 13.5, 7, 14], "texture": "#1"},
				"east": {"uv": [13.5, 6.5, 14, 7], "texture": "#1"},
				"south": {"uv": [7, 13.5, 7.5, 14], "texture": "#1"},
				"west": {"uv": [13.5, 7, 14, 7.5], "texture": "#1"},
				"up": {"uv": [14, 8, 13.5, 7.5], "texture": "#1"},
				"down": {"uv": [8.5, 13.5, 8, 14], "texture": "#1"}
			}
		},
		{
			"from": [7.6, 10.2, 9.5],
			"to": [8.4, 11.2, 10.3],
			"rotation": {"angle": 22.5, "axis": "x", "origin": [7, 9.7, 8.5]},
			"faces": {
				"north": {"uv": [13.5, 8, 14, 8.5], "texture": "#1"},
				"east": {"uv": [8.5, 13.5, 9, 14], "texture": "#1"},
				"south": {"uv": [13.5, 8.5, 14, 9], "texture": "#1"},
				"west": {"uv": [9, 13.5, 9.5, 14], "texture": "#1"},
				"up": {"uv": [14, 9.5, 13.5, 9], "texture": "#1"},
				"down": {"uv": [10, 13.5, 9.5, 14], "texture": "#1"}
			}
		},
		{
			"from": [7.6, 5.7, 7.5],
			"to": [8.4, 6.7, 8.4],
			"rotation": {"angle": -22.5, "axis": "x", "origin": [7, 6.2, 6.4]},
			"faces": {
				"north": {"uv": [13.5, 9.5, 14, 10], "texture": "#1"},
				"east": {"uv": [10, 13.5, 10.5, 14], "texture": "#1"},
				"south": {"uv": [13.5, 10, 14, 10.5], "texture": "#1"},
				"west": {"uv": [10.5, 13.5, 11, 14], "texture": "#1"},
				"up": {"uv": [14, 11, 13.5, 10.5], "texture": "#1"},
				"down": {"uv": [11.5, 13.5, 11, 14], "texture": "#1"}
			}
		},
		{
			"from": [7.7, 8, 11],
			"to": [8.3, 9.3, 12],
			"rotation": {"angle": -22.5, "axis": "x", "origin": [7, 7.5, 10]},
			"faces": {
				"north": {"uv": [6.5, 14, 6.75, 14.75], "texture": "#1"},
				"east": {"uv": [2, 12.5, 2.5, 13.25], "texture": "#1"},
				"south": {"uv": [14, 6.5, 14.25, 7.25], "texture": "#1"},
				"west": {"uv": [12.5, 2, 13, 2.75], "texture": "#1"},
				"up": {"uv": [14.75, 4.5, 14.5, 4], "texture": "#1"},
				"down": {"uv": [4.75, 14.5, 4.5, 15], "texture": "#1"}
			}
		},
		{
			"from": [7.6, 7.1, 7.2],
			"to": [8.4, 8.9, 8.1],
			"rotation": {"angle": 0, "axis": "y", "origin": [7, 7.5, 6.1]},
			"faces": {
				"north": {"uv": [11.5, 0, 12, 1], "texture": "#1"},
				"east": {"uv": [11.5, 1, 12, 2], "texture": "#1"},
				"south": {"uv": [11.5, 2, 12, 3], "texture": "#1"},
				"west": {"uv": [11.5, 3, 12, 4], "texture": "#1"},
				"up": {"uv": [14, 11.5, 13.5, 11], "texture": "#1"},
				"down": {"uv": [12, 13.5, 11.5, 14], "texture": "#1"}
			}
		},
		{
			"from": [7.8, 9.3, 6.7],
			"to": [8.2, 10.3, 7.6],
			"rotation": {"angle": 22.5, "axis": "x", "origin": [7, 8.8, 5.6]},
			"faces": {
				"north": {"uv": [14.5, 4.5, 14.75, 5], "texture": "#1"},
				"east": {"uv": [13.5, 11.5, 14, 12], "texture": "#1"},
				"south": {"uv": [5, 14.5, 5.25, 15], "texture": "#1"},
				"west": {"uv": [12, 13.5, 12.5, 14], "texture": "#1"},
				"up": {"uv": [14.75, 5.5, 14.5, 5], "texture": "#1"},
				"down": {"uv": [5.75, 14.5, 5.5, 15], "texture": "#1"}
			}
		},
		{
			"from": [7.8, 7.1, 6.8],
			"to": [8.2, 8.9, 7.7],
			"rotation": {"angle": 0, "axis": "y", "origin": [7, 7.5, 5.7]},
			"faces": {
				"north": {"uv": [13.5, 12, 13.75, 13], "texture": "#1"},
				"east": {"uv": [4, 11.5, 4.5, 12.5], "texture": "#1"},
				"south": {"uv": [12.5, 13.5, 12.75, 14.5], "texture": "#1"},
				"west": {"uv": [11.5, 4, 12, 5], "texture": "#1"},
				"up": {"uv": [14.75, 6, 14.5, 5.5], "texture": "#1"},
				"down": {"uv": [14.75, 6, 14.5, 6.5], "texture": "#1"}
			}
		},
		{
			"from": [7.8, 5.7, 7.1],
			"to": [8.2, 6.7, 8],
			"rotation": {"angle": -22.5, "axis": "x", "origin": [7, 6.2, 6]},
			"faces": {
				"north": {"uv": [14.5, 6.5, 14.75, 7], "texture": "#1"},
				"east": {"uv": [13, 13.5, 13.5, 14], "texture": "#1"},
				"south": {"uv": [14.5, 7, 14.75, 7.5], "texture": "#1"},
				"west": {"uv": [13.5, 13, 14, 13.5], "texture": "#1"},
				"up": {"uv": [14.75, 8, 14.5, 7.5], "texture": "#1"},
				"down": {"uv": [8.25, 14.5, 8, 15], "texture": "#1"}
			}
		},
		{
			"from": [7.8, 10.8, 6.9],
			"to": [8.2, 11.7, 7.8],
			"rotation": {"angle": 45, "axis": "x", "origin": [7, 10, 5.8]},
			"faces": {
				"north": {"uv": [14.5, 8, 14.75, 8.5], "texture": "#1"},
				"east": {"uv": [13.5, 13.5, 14, 14], "texture": "#1"},
				"south": {"uv": [8.5, 14.5, 8.75, 15], "texture": "#1"},
				"west": {"uv": [0, 14, 0.5, 14.5], "texture": "#1"},
				"up": {"uv": [14.75, 9, 14.5, 8.5], "texture": "#1"},
				"down": {"uv": [9.25, 14.5, 9, 15], "texture": "#1"}
			}
		},
		{
			"from": [7.8, 7.3, 7.2],
			"to": [8.2, 8.2, 8],
			"rotation": {"angle": 45, "axis": "x", "origin": [7, 6.7, 5.8]},
			"faces": {
				"north": {"uv": [14.5, 9, 14.75, 9.5], "texture": "#1"},
				"east": {"uv": [14, 0, 14.5, 0.5], "texture": "#1"},
				"south": {"uv": [9.5, 14.5, 9.75, 15], "texture": "#1"},
				"west": {"uv": [0.5, 14, 1, 14.5], "texture": "#1"},
				"up": {"uv": [14.75, 10, 14.5, 9.5], "texture": "#1"},
				"down": {"uv": [10.25, 14.5, 10, 15], "texture": "#1"}
			}
		},
		{
			"from": [7.8, 6.1, 7.7],
			"to": [8.2, 7.1, 8.7],
			"rotation": {"angle": 22.5, "axis": "x", "origin": [7, 5.6, 6.5]},
			"faces": {
				"north": {"uv": [14.5, 10, 14.75, 10.5], "texture": "#1"},
				"east": {"uv": [14, 0.5, 14.5, 1], "texture": "#1"},
				"south": {"uv": [10.5, 14.5, 10.75, 15], "texture": "#1"},
				"west": {"uv": [1, 14, 1.5, 14.5], "texture": "#1"},
				"up": {"uv": [14.75, 11, 14.5, 10.5], "texture": "#1"},
				"down": {"uv": [11.25, 14.5, 11, 15], "texture": "#1"}
			}
		},
		{
			"from": [7.8, 9.1, 7.4],
			"to": [8.2, 10.1, 8.4],
			"rotation": {"angle": -22.5, "axis": "x", "origin": [7, 11.1, 6.7]},
			"faces": {
				"north": {"uv": [14.5, 11, 14.75, 11.5], "texture": "#1"},
				"east": {"uv": [14, 1, 14.5, 1.5], "texture": "#1"},
				"south": {"uv": [11.5, 14.5, 11.75, 15], "texture": "#1"},
				"west": {"uv": [1.5, 14, 2, 14.5], "texture": "#1"},
				"up": {"uv": [14.75, 12, 14.5, 11.5], "texture": "#1"},
				"down": {"uv": [12.25, 14.5, 12, 15], "texture": "#1"}
			}
		},
		{
			"from": [7.5, 0.1, 8.4],
			"to": [8.5, 5.3, 9.2],
			"rotation": {"angle": 0, "axis": "y", "origin": [7, 3.8, 7.4]},
			"faces": {
				"north": {"uv": [5.5, 8.5, 6, 11], "texture": "#1"},
				"east": {"uv": [8.5, 7.5, 9, 10], "texture": "#1"},
				"south": {"uv": [9, 0, 9.5, 2.5], "texture": "#1"},
				"west": {"uv": [9, 2.5, 9.5, 5], "texture": "#1"},
				"up": {"uv": [14.5, 2, 14, 1.5], "texture": "#1"},
				"down": {"uv": [2.5, 14, 2, 14.5], "texture": "#1"}
			}
		},
		{
			"from": [7.5, 2.4, 9.5],
			"to": [8.5, 3.6, 10.3],
			"rotation": {"angle": 22.5, "axis": "x", "origin": [7, 6.1, 8.5]},
			"faces": {
				"north": {"uv": [14, 2, 14.5, 2.5], "texture": "#1"},
				"east": {"uv": [2.5, 14, 3, 14.5], "texture": "#1"},
				"south": {"uv": [14, 2.5, 14.5, 3], "texture": "#1"},
				"west": {"uv": [3, 14, 3.5, 14.5], "texture": "#1"},
				"up": {"uv": [14.5, 3.5, 14, 3], "texture": "#1"},
				"down": {"uv": [4, 14, 3.5, 14.5], "texture": "#1"}
			}
		},
		{
			"from": [7.5, 11.8, 7.2],
			"to": [8.5, 13, 8],
			"rotation": {"angle": -22.5, "axis": "x", "origin": [7, 15.5, 6.2]},
			"faces": {
				"north": {"uv": [14, 3.5, 14.5, 4], "texture": "#1"},
				"east": {"uv": [4, 14, 4.5, 14.5], "texture": "#1"},
				"south": {"uv": [14, 4, 14.5, 4.5], "texture": "#1"},
				"west": {"uv": [4.5, 14, 5, 14.5], "texture": "#1"},
				"up": {"uv": [14.5, 5, 14, 4.5], "texture": "#1"},
				"down": {"uv": [5.5, 14, 5, 14.5], "texture": "#1"}
			}
		},
		{
			"from": [7.5, 10.6, 8.4],
			"to": [8.5, 15.8, 9.2],
			"rotation": {"angle": 0, "axis": "y", "origin": [7, 15.1, 7.4]},
			"faces": {
				"north": {"uv": [4, 9, 4.5, 11.5], "texture": "#1"},
				"east": {"uv": [4.5, 9, 5, 11.5], "texture": "#1"},
				"south": {"uv": [7.5, 9, 8, 11.5], "texture": "#1"},
				"west": {"uv": [9, 7.5, 9.5, 10], "texture": "#1"},
				"up": {"uv": [14.5, 5.5, 14, 5], "texture": "#1"},
				"down": {"uv": [6, 14, 5.5, 14.5], "texture": "#1"}
			}
		},
		{
			"from": [7.7, 7.3, 10.6],
			"to": [8.3, 8.7, 11.6],
			"rotation": {"angle": 0, "axis": "y", "origin": [7, 7.5, 9.6]},
			"faces": {
				"north": {"uv": [7, 14, 7.25, 14.75], "texture": "#1"},
				"east": {"uv": [2.5, 12.5, 3, 13.25], "texture": "#1"},
				"south": {"uv": [7.5, 14, 7.75, 14.75], "texture": "#1"},
				"west": {"uv": [12.5, 3, 13, 3.75], "texture": "#1"},
				"up": {"uv": [14.75, 12.5, 14.5, 12], "texture": "#1"},
				"down": {"uv": [12.75, 14.5, 12.5, 15], "texture": "#1"}
			}
		},
		{
			"from": [8.3, 1.2, 12.1],
			"to": [8.7, 1.7, 13.8],
			"rotation": {"angle": 22.5, "axis": "x", "origin": [7, -0.1, 12.1]},
			"faces": {
				"north": {"uv": [9.5, 7, 9.75, 7.25], "texture": "#2"},
				"east": {"uv": [7, 8.5, 7.75, 8.75], "texture": "#2"},
				"south": {"uv": [7.5, 9.5, 7.75, 9.75], "texture": "#2"},
				"west": {"uv": [8.5, 7, 9.25, 7.25], "texture": "#2"},
				"up": {"uv": [8.75, 8.75, 8.5, 8], "texture": "#2"},
				"down": {"uv": [0.75, 9, 0.5, 9.75], "texture": "#2"}
			}
		},
		{
			"from": [7.5, 0.4, 12.1],
			"to": [8.5, 1.6, 13.8],
			"rotation": {"angle": 22.5, "axis": "x", "origin": [6.5, -0.1, 12.1]},
			"faces": {
				"north": {"uv": [6, 7, 6.5, 7.5], "texture": "#2"},
				"east": {"uv": [5, 1.5, 5.75, 2], "texture": "#2"},
				"south": {"uv": [7, 7, 7.5, 7.5], "texture": "#2"},
				"west": {"uv": [3.5, 5, 4.25, 5.5], "texture": "#2"},
				"up": {"uv": [5, 5.75, 4.5, 5], "texture": "#2"},
				"down": {"uv": [5.5, 5, 5, 5.75], "texture": "#2"}
			}
		},
		{
			"from": [8.4, -3.8, 13.7],
			"to": [8.6, -2.7, 16.9],
			"rotation": {"angle": 0, "axis": "x", "origin": [7, -4.5, 12.9]},
			"faces": {
				"north": {"uv": [9, 4.5, 9.25, 5], "texture": "#2"},
				"east": {"uv": [0, 2, 1.5, 2.5], "texture": "#2"},
				"south": {"uv": [9, 5.5, 9.25, 6], "texture": "#2"},
				"west": {"uv": [2, 0, 3.5, 0.5], "texture": "#2"},
				"up": {"uv": [0.25, 7, 0, 5.5], "texture": "#2"},
				"down": {"uv": [0.75, 5.5, 0.5, 7], "texture": "#2"}
			}
		},
		{
			"from": [8.4, 19.1, 13.7],
			"to": [8.6, 20.2, 17],
			"rotation": {"angle": 0, "axis": "x", "origin": [7, 18.4, 13]},
			"faces": {
				"north": {"uv": [6, 9, 6.25, 9.5], "texture": "#2"},
				"east": {"uv": [0, 0, 1.75, 0.5], "texture": "#2"},
				"south": {"uv": [9, 6, 9.25, 6.5], "texture": "#2"},
				"west": {"uv": [0, 0.5, 1.75, 1], "texture": "#2"},
				"up": {"uv": [1.75, 6.75, 1.5, 5], "texture": "#2"},
				"down": {"uv": [2.25, 5, 2, 6.75], "texture": "#2"}
			}
		},
		{
			"from": [8.4, -0.8, 12.2],
			"to": [8.6, 0.3, 15.2],
			"rotation": {"angle": 22.5, "axis": "x", "origin": [7, -1.5, 12.2]},
			"faces": {
				"north": {"uv": [6.5, 9, 6.75, 9.5], "texture": "#2"},
				"east": {"uv": [2, 0.5, 3.5, 1], "texture": "#2"},
				"south": {"uv": [9, 6.5, 9.25, 7], "texture": "#2"},
				"west": {"uv": [2, 1, 3.5, 1.5], "texture": "#2"},
				"up": {"uv": [5.75, 4.5, 5.5, 3], "texture": "#2"},
				"down": {"uv": [3.75, 5.5, 3.5, 7], "texture": "#2"}
			}
		},
		{
			"from": [8.4, 16.3, 13.3],
			"to": [8.6, 17.4, 16.3],
			"rotation": {"angle": -22.5, "axis": "x", "origin": [7, 15.6, 13.3]},
			"faces": {
				"north": {"uv": [7, 9, 7.25, 9.5], "texture": "#2"},
				"east": {"uv": [1.5, 2, 3, 2.5], "texture": "#2"},
				"south": {"uv": [7.5, 9, 7.75, 9.5], "texture": "#2"},
				"west": {"uv": [2, 1.5, 3.5, 2], "texture": "#2"},
				"up": {"uv": [4.25, 7, 4, 5.5], "texture": "#2"},
				"down": {"uv": [5.75, 4.5, 5.5, 6], "texture": "#2"}
			}
		},
		{
			"from": [8.4, 17.5, 16.2],
			"to": [8.6, 18.6, 19.2],
			"rotation": {"angle": -45, "axis": "x", "origin": [7, 16.8, 16.2]},
			"faces": {
				"north": {"uv": [9, 7.5, 9.25, 8], "texture": "#2"},
				"east": {"uv": [0, 2.5, 1.5, 3], "texture": "#2"},
				"south": {"uv": [8, 9, 8.25, 9.5], "texture": "#2"},
				"west": {"uv": [1.5, 2.5, 3, 3], "texture": "#2"},
				"up": {"uv": [6.25, 1.5, 6, 0], "texture": "#2"},
				"down": {"uv": [1.25, 6, 1, 7.5], "texture": "#2"}
			}
		},
		{
			"from": [8.4, 17.5, 12.8],
			"to": [8.6, 18.6, 15.8],
			"rotation": {"angle": -45, "axis": "x", "origin": [7, 16.8, 12.8]},
			"faces": {
				"north": {"uv": [9, 8, 9.25, 8.5], "texture": "#2"},
				"east": {"uv": [0, 3, 1.5, 3.5], "texture": "#2"},
				"south": {"uv": [8.5, 9, 8.75, 9.5], "texture": "#2"},
				"west": {"uv": [1.5, 3, 3, 3.5], "texture": "#2"},
				"up": {"uv": [6.25, 3, 6, 1.5], "texture": "#2"},
				"down": {"uv": [6.25, 3, 6, 4.5], "texture": "#2"}
			}
		},
		{
			"from": [8.4, -1.5, 14.3],
			"to": [8.6, -0.4, 17.3],
			"rotation": {"angle": 45, "axis": "x", "origin": [7, -2.2, 14.3]},
			"faces": {
				"north": {"uv": [9, 8.5, 9.25, 9], "texture": "#2"},
				"east": {"uv": [3, 2, 4.5, 2.5], "texture": "#2"},
				"south": {"uv": [9, 9, 9.25, 9.5], "texture": "#2"},
				"west": {"uv": [3, 2.5, 4.5, 3], "texture": "#2"},
				"up": {"uv": [4.75, 7.5, 4.5, 6], "texture": "#2"},
				"down": {"uv": [6.25, 4.5, 6, 6], "texture": "#2"}
			}
		},
		{
			"from": [8.3, 1, 13],
			"to": [8.7, 1.5, 15],
			"rotation": {"angle": 45, "axis": "x", "origin": [7, -0.3, 13]},
			"faces": {
				"north": {"uv": [9.5, 7.5, 9.75, 7.75], "texture": "#2"},
				"east": {"uv": [7.5, 0, 8.5, 0.25], "texture": "#2"},
				"south": {"uv": [8, 9.5, 8.25, 9.75], "texture": "#2"},
				"west": {"uv": [7.5, 0.5, 8.5, 0.75], "texture": "#2"},
				"up": {"uv": [1.25, 8.5, 1, 7.5], "texture": "#2"},
				"down": {"uv": [7.75, 1, 7.5, 2], "texture": "#2"}
			}
		},
		{
			"from": [7.5, 0.4, 13.1],
			"to": [8.5, 1.4, 15],
			"rotation": {"angle": 45, "axis": "x", "origin": [6.6, -0.3, 13]},
			"faces": {
				"north": {"uv": [7.5, 2, 8, 2.5], "texture": "#2"},
				"east": {"uv": [0, 5, 1, 5.5], "texture": "#2"},
				"south": {"uv": [7.5, 2.5, 8, 3], "texture": "#2"},
				"west": {"uv": [5, 0, 6, 0.5], "texture": "#2"},
				"up": {"uv": [5.5, 1.5, 5, 0.5], "texture": "#2"},
				"down": {"uv": [1.5, 5, 1, 6], "texture": "#2"}
			}
		},
		{
			"from": [8.3, -0.8, 13.3],
			"to": [8.7, -0.3, 15.3],
			"rotation": {"angle": 0, "axis": "x", "origin": [7, -2.1, 13.3]},
			"faces": {
				"north": {"uv": [9.5, 8, 9.75, 8.25], "texture": "#2"},
				"east": {"uv": [7.5, 3, 8.5, 3.25], "texture": "#2"},
				"south": {"uv": [8.5, 9.5, 8.75, 9.75], "texture": "#2"},
				"west": {"uv": [7.5, 3.5, 8.5, 3.75], "texture": "#2"},
				"up": {"uv": [7.75, 5, 7.5, 4], "texture": "#2"},
				"down": {"uv": [4.75, 7.5, 4.5, 8.5], "texture": "#2"}
			}
		},
		{
			"from": [7.3, -0.8, 13.3],
			"to": [7.7, -0.3, 15.3],
			"rotation": {"angle": 0, "axis": "x", "origin": [6, -2.1, 13.3]},
			"faces": {
				"north": {"uv": [9.5, 8.5, 9.75, 8.75], "texture": "#2"},
				"east": {"uv": [7.5, 5, 8.5, 5.25], "texture": "#2"},
				"south": {"uv": [9, 9.5, 9.25, 9.75], "texture": "#2"},
				"west": {"uv": [7.5, 5.5, 8.5, 5.75], "texture": "#2"},
				"up": {"uv": [6.25, 8.5, 6, 7.5], "texture": "#2"},
				"down": {"uv": [7.75, 6, 7.5, 7], "texture": "#2"}
			}
		},
		{
			"from": [8.3, 16.6, 13.4],
			"to": [8.7, 17, 15.6],
			"rotation": {"angle": 0, "axis": "x", "origin": [7, 15.2, 13.6]},
			"faces": {
				"north": {"uv": [9.5, 9, 9.75, 9.25], "texture": "#2"},
				"east": {"uv": [6.5, 7.5, 7.5, 7.75], "texture": "#2"},
				"south": {"uv": [9.5, 9.5, 9.75, 9.75], "texture": "#2"},
				"west": {"uv": [7.5, 7, 8.5, 7.25], "texture": "#2"},
				"up": {"uv": [7.75, 8.5, 7.5, 7.5], "texture": "#2"},
				"down": {"uv": [8.25, 1, 8, 2], "texture": "#2"}
			}
		},
		{
			"from": [8.3, 14.1, 12.1],
			"to": [8.7, 14.8, 14.3],
			"rotation": {"angle": 0, "axis": "x", "origin": [7, 13, 12.3]},
			"faces": {
				"north": {"uv": [0, 10, 0.25, 10.25], "texture": "#2"},
				"east": {"uv": [8, 2, 9, 2.25], "texture": "#2"},
				"south": {"uv": [10, 0, 10.25, 0.25], "texture": "#2"},
				"west": {"uv": [8, 2.5, 9, 2.75], "texture": "#2"},
				"up": {"uv": [3.75, 9, 3.5, 8], "texture": "#2"},
				"down": {"uv": [4.25, 8, 4, 9], "texture": "#2"}
			}
		},
		{
			"from": [8.3, 1.3, 12.1],
			"to": [8.7, 2, 14.3],
			"rotation": {"angle": 0, "axis": "x", "origin": [7, -0.1, 12.3]},
			"faces": {
				"north": {"uv": [0.5, 10, 0.75, 10.25], "texture": "#2"},
				"east": {"uv": [8, 4, 9, 4.25], "texture": "#2"},
				"south": {"uv": [10, 0.5, 10.25, 0.75], "texture": "#2"},
				"west": {"uv": [8, 4.5, 9, 4.75], "texture": "#2"},
				"up": {"uv": [5.25, 9, 5, 8], "texture": "#2"},
				"down": {"uv": [8.25, 6, 8, 7], "texture": "#2"}
			}
		},
		{
			"from": [7.3, 1.3, 12.1],
			"to": [7.7, 2, 14.3],
			"rotation": {"angle": 0, "axis": "x", "origin": [6, -0.1, 12.3]},
			"faces": {
				"north": {"uv": [0.5, 10, 0.75, 10.25], "texture": "#2"},
				"east": {"uv": [8, 4, 9, 4.25], "texture": "#2"},
				"south": {"uv": [10, 0.5, 10.25, 0.75], "texture": "#2"},
				"west": {"uv": [8, 4.5, 9, 4.75], "texture": "#2"},
				"up": {"uv": [5.25, 9, 5, 8], "texture": "#2"},
				"down": {"uv": [8.25, 6, 8, 7], "texture": "#2"}
			}
		},
		{
			"from": [7.3, 14.1, 12.1],
			"to": [7.7, 14.8, 14.3],
			"rotation": {"angle": 0, "axis": "x", "origin": [6, 13, 12.3]},
			"faces": {
				"north": {"uv": [0, 10, 0.25, 10.25], "texture": "#2"},
				"east": {"uv": [8, 2, 9, 2.25], "texture": "#2"},
				"south": {"uv": [10, 0, 10.25, 0.25], "texture": "#2"},
				"west": {"uv": [8, 2.5, 9, 2.75], "texture": "#2"},
				"up": {"uv": [3.75, 9, 3.5, 8], "texture": "#2"},
				"down": {"uv": [4.25, 8, 4, 9], "texture": "#2"}
			}
		},
		{
			"from": [7.3, 16.5, 13.4],
			"to": [7.7, 17, 15.6],
			"rotation": {"angle": 0, "axis": "x", "origin": [6, 15.2, 13.6]},
			"faces": {
				"north": {"uv": [1, 10, 1.25, 10.25], "texture": "#2"},
				"east": {"uv": [6.5, 8, 7.5, 8.25], "texture": "#2"},
				"south": {"uv": [10, 1, 10.25, 1.25], "texture": "#2"},
				"west": {"uv": [8, 7.5, 9, 7.75], "texture": "#2"},
				"up": {"uv": [8.25, 9, 8, 8], "texture": "#2"},
				"down": {"uv": [0.25, 8.5, 0, 9.5], "texture": "#2"}
			}
		},
		{
			"from": [7.3, 1, 13],
			"to": [7.7, 1.5, 15],
			"rotation": {"angle": 45, "axis": "x", "origin": [6, -0.3, 13]},
			"faces": {
				"north": {"uv": [1.5, 10, 1.75, 10.25], "texture": "#2"},
				"east": {"uv": [8.5, 0, 9.5, 0.25], "texture": "#2"},
				"south": {"uv": [10, 1.5, 10.25, 1.75], "texture": "#2"},
				"west": {"uv": [0.5, 8.5, 1.5, 8.75], "texture": "#2"},
				"up": {"uv": [8.75, 1.5, 8.5, 0.5], "texture": "#2"},
				"down": {"uv": [1.75, 8.5, 1.5, 9.5], "texture": "#2"}
			}
		},
		{
			"from": [8.3, 15.6, 15.5],
			"to": [8.7, 16.1, 17.5],
			"rotation": {"angle": -45, "axis": "x", "origin": [7, 14.3, 15.5]},
			"faces": {
				"north": {"uv": [2, 10, 2.25, 10.25], "texture": "#2"},
				"east": {"uv": [8.5, 1.5, 9.5, 1.75], "texture": "#2"},
				"south": {"uv": [10, 2, 10.25, 2.25], "texture": "#2"},
				"west": {"uv": [2, 8.5, 3, 8.75], "texture": "#2"},
				"up": {"uv": [3.25, 9.5, 3, 8.5], "texture": "#2"},
				"down": {"uv": [8.75, 3, 8.5, 4], "texture": "#2"}
			}
		},
		{
			"from": [7.5, 15.5, 15.1],
			"to": [8.5, 16.8, 16.5],
			"rotation": {"angle": -45, "axis": "x", "origin": [6.6, 14.7, 15.1]},
			"faces": {
				"north": {"uv": [5.5, 0.5, 6, 1.25], "texture": "#2"},
				"east": {"uv": [4.5, 3, 5.25, 3.75], "texture": "#2"},
				"south": {"uv": [5, 6, 5.5, 6.75], "texture": "#2"},
				"west": {"uv": [4.5, 4, 5.25, 4.75], "texture": "#2"},
				"up": {"uv": [6, 6.75, 5.5, 6], "texture": "#2"},
				"down": {"uv": [6.5, 6, 6, 6.75], "texture": "#2"}
			}
		},
		{
			"from": [7.3, 15.6, 15.5],
			"to": [7.7, 16.1, 17.5],
			"rotation": {"angle": -45, "axis": "x", "origin": [6, 14.3, 15.5]},
			"faces": {
				"north": {"uv": [2.5, 10, 2.75, 10.25], "texture": "#2"},
				"east": {"uv": [8.5, 5, 9.5, 5.25], "texture": "#2"},
				"south": {"uv": [10, 2.5, 10.25, 2.75], "texture": "#2"},
				"west": {"uv": [5.5, 8.5, 6.5, 8.75], "texture": "#2"},
				"up": {"uv": [4.75, 9.5, 4.5, 8.5], "texture": "#2"},
				"down": {"uv": [8.75, 5.5, 8.5, 6.5], "texture": "#2"}
			}
		},
		{
			"from": [8.4, -1.5, 11.2],
			"to": [8.6, -0.4, 14.2],
			"rotation": {"angle": 45, "axis": "x", "origin": [7, -2.2, 11.2]},
			"faces": {
				"north": {"uv": [0, 9.5, 0.25, 10], "texture": "#2"},
				"east": {"uv": [3, 3, 4.5, 3.5], "texture": "#2"},
				"south": {"uv": [9.5, 0, 9.75, 0.5], "texture": "#2"},
				"west": {"uv": [0, 3.5, 1.5, 4], "texture": "#2"},
				"up": {"uv": [6.75, 1.5, 6.5, 0], "texture": "#2"},
				"down": {"uv": [6.75, 1.5, 6.5, 3], "texture": "#2"}
			}
		},
		{
			"from": [7.4, 17.5, 16.2],
			"to": [7.6, 18.6, 19.2],
			"rotation": {"angle": -45, "axis": "x", "origin": [6, 16.8, 16.2]},
			"faces": {
				"north": {"uv": [1.5, 9.5, 1.75, 10], "texture": "#2"},
				"east": {"uv": [3.5, 0, 5, 0.5], "texture": "#2"},
				"south": {"uv": [9.5, 1.5, 9.75, 2], "texture": "#2"},
				"west": {"uv": [3.5, 0.5, 5, 1], "texture": "#2"},
				"up": {"uv": [6.75, 4.5, 6.5, 3], "texture": "#2"},
				"down": {"uv": [6.75, 4.5, 6.5, 6], "texture": "#2"}
			}
		},
		{
			"from": [7.4, 19.1, 13.7],
			"to": [7.6, 20.2, 17],
			"rotation": {"angle": 0, "axis": "x", "origin": [6, 18.4, 13]},
			"faces": {
				"north": {"uv": [3, 9.5, 3.25, 10], "texture": "#2"},
				"east": {"uv": [0, 1, 1.75, 1.5], "texture": "#2"},
				"south": {"uv": [9.5, 3, 9.75, 3.5], "texture": "#2"},
				"west": {"uv": [0, 1.5, 1.75, 2], "texture": "#2"},
				"up": {"uv": [2.75, 6.75, 2.5, 5], "texture": "#2"},
				"down": {"uv": [3.25, 5, 3, 6.75], "texture": "#2"}
			}
		},
		{
			"from": [7.4, 17.5, 12.8],
			"to": [7.6, 18.6, 15.8],
			"rotation": {"angle": -45, "axis": "x", "origin": [6, 16.8, 12.8]},
			"faces": {
				"north": {"uv": [3.5, 9.5, 3.75, 10], "texture": "#2"},
				"east": {"uv": [3.5, 1, 5, 1.5], "texture": "#2"},
				"south": {"uv": [9.5, 3.5, 9.75, 4], "texture": "#2"},
				"west": {"uv": [1.5, 3.5, 3, 4], "texture": "#2"},
				"up": {"uv": [6.75, 7.5, 6.5, 6], "texture": "#2"},
				"down": {"uv": [0.25, 7, 0, 8.5], "texture": "#2"}
			}
		},
		{
			"from": [7.4, -3.8, 13.7],
			"to": [7.6, -2.7, 16.9],
			"rotation": {"angle": 0, "axis": "x", "origin": [6, -4.5, 12.9]},
			"faces": {
				"north": {"uv": [4, 9.5, 4.25, 10], "texture": "#2"},
				"east": {"uv": [3.5, 1.5, 5, 2], "texture": "#2"},
				"south": {"uv": [4.5, 9.5, 4.75, 10], "texture": "#2"},
				"west": {"uv": [3, 3.5, 4.5, 4], "texture": "#2"},
				"up": {"uv": [7.25, 1.5, 7, 0], "texture": "#2"},
				"down": {"uv": [0.75, 7, 0.5, 8.5], "texture": "#2"}
			}
		},
		{
			"from": [7.4, -1.5, 11.2],
			"to": [7.6, -0.4, 14.2],
			"rotation": {"angle": 45, "axis": "x", "origin": [6, -2.2, 11.2]},
			"faces": {
				"north": {"uv": [9.5, 4.5, 9.75, 5], "texture": "#2"},
				"east": {"uv": [0, 4, 1.5, 4.5], "texture": "#2"},
				"south": {"uv": [9.5, 5, 9.75, 5.5], "texture": "#2"},
				"west": {"uv": [1.5, 4, 3, 4.5], "texture": "#2"},
				"up": {"uv": [1.75, 8.5, 1.5, 7], "texture": "#2"},
				"down": {"uv": [7.25, 1.5, 7, 3], "texture": "#2"}
			}
		},
		{
			"from": [7.4, -1.5, 14.3],
			"to": [7.6, -0.4, 17.3],
			"rotation": {"angle": 45, "axis": "x", "origin": [6, -2.2, 14.3]},
			"faces": {
				"north": {"uv": [9.5, 5.5, 9.75, 6], "texture": "#2"},
				"east": {"uv": [3, 4, 4.5, 4.5], "texture": "#2"},
				"south": {"uv": [6, 9.5, 6.25, 10], "texture": "#2"},
				"west": {"uv": [0, 4.5, 1.5, 5], "texture": "#2"},
				"up": {"uv": [2.25, 8.5, 2, 7], "texture": "#2"},
				"down": {"uv": [2.75, 7, 2.5, 8.5], "texture": "#2"}
			}
		},
		{
			"from": [7.4, 16.3, 13.3],
			"to": [7.6, 17.4, 16.3],
			"rotation": {"angle": -22.5, "axis": "x", "origin": [7, 15.6, 13.3]},
			"faces": {
				"north": {"uv": [9.5, 6, 9.75, 6.5], "texture": "#2"},
				"east": {"uv": [1.5, 4.5, 3, 5], "texture": "#2"},
				"south": {"uv": [6.5, 9.5, 6.75, 10], "texture": "#2"},
				"west": {"uv": [4.5, 2, 6, 2.5], "texture": "#2"},
				"up": {"uv": [3.25, 8.5, 3, 7], "texture": "#2"},
				"down": {"uv": [7.25, 3, 7, 4.5], "texture": "#2"}
			}
		},
		{
			"from": [7.3, 1.2, 12.1],
			"to": [7.7, 1.7, 13.8],
			"rotation": {"angle": 22.5, "axis": "x", "origin": [7, -0.1, 12.1]},
			"faces": {
				"north": {"uv": [3, 10, 3.25, 10.25], "texture": "#2"},
				"east": {"uv": [9, 0.5, 9.75, 0.75], "texture": "#2"},
				"south": {"uv": [10, 3, 10.25, 3.25], "texture": "#2"},
				"west": {"uv": [9, 1, 9.75, 1.25], "texture": "#2"},
				"up": {"uv": [1.25, 9.75, 1, 9], "texture": "#2"},
				"down": {"uv": [2.25, 9, 2, 9.75], "texture": "#2"}
			}
		},
		{
			"from": [8.3, 14.7, 13.5],
			"to": [8.7, 15.2, 15.2],
			"rotation": {"angle": -22.5, "axis": "x", "origin": [7, 13.4, 13.5]},
			"faces": {
				"north": {"uv": [3.5, 10, 3.75, 10.25], "texture": "#2"},
				"east": {"uv": [9, 2, 9.75, 2.25], "texture": "#2"},
				"south": {"uv": [10, 3.5, 10.25, 3.75], "texture": "#2"},
				"west": {"uv": [9, 2.5, 9.75, 2.75], "texture": "#2"},
				"up": {"uv": [2.75, 9.75, 2.5, 9], "texture": "#2"},
				"down": {"uv": [9.25, 3, 9, 3.75], "texture": "#2"}
			}
		},
		{
			"from": [7.3, 14.7, 13.5],
			"to": [7.7, 15.2, 15.2],
			"rotation": {"angle": -22.5, "axis": "x", "origin": [7, 13.4, 13.5]},
			"faces": {
				"north": {"uv": [4, 10, 4.25, 10.25], "texture": "#2"},
				"east": {"uv": [3.5, 9, 4.25, 9.25], "texture": "#2"},
				"south": {"uv": [10, 4, 10.25, 4.25], "texture": "#2"},
				"west": {"uv": [9, 4, 9.75, 4.25], "texture": "#2"},
				"up": {"uv": [5.25, 9.75, 5, 9], "texture": "#2"},
				"down": {"uv": [5.75, 9, 5.5, 9.75], "texture": "#2"}
			}
		},
		{
			"from": [7.5, 14.7, 14],
			"to": [8.5, 16.3, 15.2],
			"rotation": {"angle": -22.5, "axis": "x", "origin": [7.5, 13.4, 13.5]},
			"faces": {
				"north": {"uv": [3.5, 7, 4, 7.75], "texture": "#2"},
				"east": {"uv": [4, 7, 4.5, 7.75], "texture": "#2"},
				"south": {"uv": [7, 4.5, 7.5, 5.25], "texture": "#2"},
				"west": {"uv": [5, 7, 5.5, 7.75], "texture": "#2"},
				"up": {"uv": [7, 9, 6.5, 8.5], "texture": "#2"},
				"down": {"uv": [9, 6.5, 8.5, 7], "texture": "#2"}
			}
		},
		{
			"from": [7.4, -0.8, 12.2],
			"to": [7.6, 0.3, 15.2],
			"rotation": {"angle": 22.5, "axis": "x", "origin": [7, -1.5, 12.2]},
			"faces": {
				"north": {"uv": [9.5, 6.5, 9.75, 7], "texture": "#2"},
				"east": {"uv": [4.5, 2.5, 6, 3], "texture": "#2"},
				"south": {"uv": [7, 9.5, 7.25, 10], "texture": "#2"},
				"west": {"uv": [3, 4.5, 4.5, 5], "texture": "#2"},
				"up": {"uv": [5.75, 8.5, 5.5, 7], "texture": "#2"},
				"down": {"uv": [7.25, 5.5, 7, 7], "texture": "#2"}
			}
		},
		{
			"from": [8.1, 10, 9.4],
			"to": [8.6, 10.6, 11.4],
			"rotation": {"angle": 22.5, "axis": "y", "origin": [6.9, 9.8, 9.4]},
			"faces": {
				"north": {"uv": [13, 1, 13.5, 1.5], "texture": "#3"},
				"east": {"uv": [7, 3, 9, 3.5], "texture": "#3"},
				"south": {"uv": [13, 3, 13.5, 3.5], "texture": "#3"},
				"west": {"uv": [7, 7, 9, 7.5], "texture": "#3"},
				"up": {"uv": [0.5, 10, 0, 8], "texture": "#3"},
				"down": {"uv": [1.5, 8, 1, 10], "texture": "#3"}
			}
		},
		{
			"from": [8.1, 8.8, 11.7],
			"to": [8.6, 9.4, 13],
			"rotation": {"angle": 45, "axis": "y", "origin": [6.9, 8.6, 11.4]},
			"faces": {
				"north": {"uv": [4, 13, 4.5, 13.5], "texture": "#3"},
				"east": {"uv": [11, 1, 12.5, 1.5], "texture": "#3"},
				"south": {"uv": [13, 4, 13.5, 4.5], "texture": "#3"},
				"west": {"uv": [11, 3, 12.5, 3.5], "texture": "#3"},
				"up": {"uv": [4.5, 12.5, 4, 11], "texture": "#3"},
				"down": {"uv": [11.5, 4, 11, 5.5], "texture": "#3"}
			}
		},
		{
			"from": [8.2, 8.8, 9.7],
			"to": [8.7, 9.4, 11],
			"rotation": {"angle": -45, "axis": "y", "origin": [7, 8.6, 9.4]},
			"faces": {
				"north": {"uv": [5, 13, 5.5, 13.5], "texture": "#3"},
				"east": {"uv": [11, 7, 12.5, 7.5], "texture": "#3"},
				"south": {"uv": [13, 5, 13.5, 5.5], "texture": "#3"},
				"west": {"uv": [11, 9, 12.5, 9.5], "texture": "#3"},
				"up": {"uv": [5.5, 12.5, 5, 11], "texture": "#3"},
				"down": {"uv": [8.5, 11, 8, 12.5], "texture": "#3"}
			}
		},
		{
			"from": [8.2, 6.6, 9.7],
			"to": [8.7, 7.2, 11],
			"rotation": {"angle": -45, "axis": "y", "origin": [7, 6.4, 9.4]},
			"faces": {
				"north": {"uv": [13, 7, 13.5, 7.5], "texture": "#3"},
				"east": {"uv": [10, 11, 11.5, 11.5], "texture": "#3"},
				"south": {"uv": [8, 13, 8.5, 13.5], "texture": "#3"},
				"west": {"uv": [0, 12, 1.5, 12.5], "texture": "#3"},
				"up": {"uv": [12.5, 5.5, 12, 4], "texture": "#3"},
				"down": {"uv": [6.5, 12, 6, 13.5], "texture": "#3"}
			}
		},
		{
			"from": [8.1, 6.6, 11.7],
			"to": [8.6, 7.2, 13],
			"rotation": {"angle": 45, "axis": "y", "origin": [6.9, 6.4, 11.4]},
			"faces": {
				"north": {"uv": [13, 9, 13.5, 9.5], "texture": "#3"},
				"east": {"uv": [12, 2, 13.5, 2.5], "texture": "#3"},
				"south": {"uv": [10, 13, 10.5, 13.5], "texture": "#3"},
				"west": {"uv": [12, 6, 13.5, 6.5], "texture": "#3"},
				"up": {"uv": [7.5, 13.5, 7, 12], "texture": "#3"},
				"down": {"uv": [9.5, 12, 9, 13.5], "texture": "#3"}
			}
		},
		{
			"from": [6.6, 10, 9.3],
			"to": [7.1, 10.6, 11.3],
			"rotation": {"angle": -22.5, "axis": "y", "origin": [8.3, 9.8, 11.3]},
			"faces": {
				"north": {"uv": [13, 10, 13.5, 10.5], "texture": "#3"},
				"east": {"uv": [8, 2, 10, 2.5], "texture": "#3"},
				"south": {"uv": [11, 13, 11.5, 13.5], "texture": "#3"},
				"west": {"uv": [8, 4, 10, 4.5], "texture": "#3"},
				"up": {"uv": [5.5, 10, 5, 8], "texture": "#3"},
				"down": {"uv": [7.5, 8, 7, 10], "texture": "#3"}
			}
		},
		{
			"from": [6.8, 10.9, 10.6],
			"to": [7.3, 11.5, 12.6],
			"rotation": {"angle": -22.5, "axis": "x", "origin": [8.5, 10.6, 12.6]},
			"faces": {
				"north": {"uv": [13, 11, 13.5, 11.5], "texture": "#3"},
				"east": {"uv": [8, 8, 10, 8.5], "texture": "#3"},
				"south": {"uv": [13, 12, 13.5, 12.5], "texture": "#3"},
				"west": {"uv": [9, 0, 11, 0.5], "texture": "#3"},
				"up": {"uv": [2.5, 11, 2, 9], "texture": "#3"},
				"down": {"uv": [3.5, 9, 3, 11], "texture": "#3"}
			}
		},
		{
			"from": [8.7, 10.9, 10.6],
			"to": [9.2, 11.5, 12.6],
			"rotation": {"angle": -22.5, "axis": "x", "origin": [10.4, 10.6, 12.6]},
			"faces": {
				"north": {"uv": [13, 13, 13.5, 13.5], "texture": "#3"},
				"east": {"uv": [9, 1, 11, 1.5], "texture": "#3"},
				"south": {"uv": [0, 14, 0.5, 14.5], "texture": "#3"},
				"west": {"uv": [9, 3, 11, 3.5], "texture": "#3"},
				"up": {"uv": [9.5, 7, 9, 5], "texture": "#3"},
				"down": {"uv": [8.5, 9, 8, 11], "texture": "#3"}
			}
		},
		{
			"from": [8.7, 4.1, 10],
			"to": [9.2, 4.7, 11.6],
			"rotation": {"angle": 22.5, "axis": "x", "origin": [10.4, 3.9, 13.6]},
			"faces": {
				"north": {"uv": [1, 14, 1.5, 14.5], "texture": "#3"},
				"east": {"uv": [12, 8, 13.5, 8.5], "texture": "#3"},
				"south": {"uv": [14, 1, 14.5, 1.5], "texture": "#3"},
				"west": {"uv": [10, 12, 11.5, 12.5], "texture": "#3"},
				"up": {"uv": [12.5, 11.5, 12, 10], "texture": "#3"},
				"down": {"uv": [12.5, 12, 12, 13.5], "texture": "#3"}
			}
		},
		{
			"from": [6.8, 4.1, 10],
			"to": [7.3, 4.7, 11.6],
			"rotation": {"angle": 22.5, "axis": "x", "origin": [8.5, 3.9, 13.6]},
			"faces": {
				"north": {"uv": [14, 2, 14.5, 2.5], "texture": "#3"},
				"east": {"uv": [0, 13, 1.5, 13.5], "texture": "#3"},
				"south": {"uv": [14, 3, 14.5, 3.5], "texture": "#3"},
				"west": {"uv": [13, 0, 14.5, 0.5], "texture": "#3"},
				"up": {"uv": [2.5, 14.5, 2, 13], "texture": "#3"},
				"down": {"uv": [3.5, 13, 3, 14.5], "texture": "#3"}
			}
		},
		{
			"from": [8.7, 9.7, 11.7],
			"to": [9.2, 10.3, 14.5],
			"rotation": {"angle": 22.5, "axis": "x", "origin": [10.4, 9.5, 14.7]},
			"faces": {
				"north": {"uv": [4, 14, 4.5, 14.5], "texture": "#3"},
				"east": {"uv": [0, 0, 3, 0.5], "texture": "#3"},
				"south": {"uv": [14, 4, 14.5, 4.5], "texture": "#3"},
				"west": {"uv": [0, 1, 3, 1.5], "texture": "#3"},
				"up": {"uv": [0.5, 5, 0, 2], "texture": "#3"},
				"down": {"uv": [1.5, 2, 1, 5], "texture": "#3"}
			}
		},
		{
			"from": [6.8, 9.7, 11.7],
			"to": [7.3, 10.3, 14.5],
			"rotation": {"angle": 22.5, "axis": "x", "origin": [8.5, 9.5, 14.7]},
			"faces": {
				"north": {"uv": [5, 14, 5.5, 14.5], "texture": "#3"},
				"east": {"uv": [2, 2, 5, 2.5], "texture": "#3"},
				"south": {"uv": [14, 5, 14.5, 5.5], "texture": "#3"},
				"west": {"uv": [3, 0, 6, 0.5], "texture": "#3"},
				"up": {"uv": [2.5, 6, 2, 3], "texture": "#3"},
				"down": {"uv": [3.5, 3, 3, 6], "texture": "#3"}
			}
		},
		{
			"from": [8.7, 6, 11.7],
			"to": [9.2, 6.6, 14.7],
			"rotation": {"angle": -22.5, "axis": "x", "origin": [10.4, 5.8, 14.7]},
			"faces": {
				"north": {"uv": [6, 14, 6.5, 14.5], "texture": "#3"},
				"east": {"uv": [3, 1, 6, 1.5], "texture": "#3"},
				"south": {"uv": [14, 6, 14.5, 6.5], "texture": "#3"},
				"west": {"uv": [4, 3, 7, 3.5], "texture": "#3"},
				"up": {"uv": [4.5, 7, 4, 4], "texture": "#3"},
				"down": {"uv": [0.5, 5, 0, 8], "texture": "#3"}
			}
		},
		{
			"from": [6.8, 6, 11.7],
			"to": [7.3, 6.6, 14.7],
			"rotation": {"angle": -22.5, "axis": "x", "origin": [8.5, 5.8, 14.7]},
			"faces": {
				"north": {"uv": [7, 14, 7.5, 14.5], "texture": "#3"},
				"east": {"uv": [5, 2, 8, 2.5], "texture": "#3"},
				"south": {"uv": [14, 7, 14.5, 7.5], "texture": "#3"},
				"west": {"uv": [5, 4, 8, 4.5], "texture": "#3"},
				"up": {"uv": [1.5, 8, 1, 5], "texture": "#3"},
				"down": {"uv": [5.5, 5, 5, 8], "texture": "#3"}
			}
		},
		{
			"from": [6.8, 9.7, 12.8],
			"to": [7.3, 10.2, 13.4],
			"rotation": {"angle": 45, "axis": "x", "origin": [8.5, 9.3, 13.6]},
			"faces": {
				"north": {"uv": [8, 14, 8.5, 14.5], "texture": "#3"},
				"east": {"uv": [14, 8, 14.5, 8.5], "texture": "#3"},
				"south": {"uv": [9, 14, 9.5, 14.5], "texture": "#3"},
				"west": {"uv": [14, 9, 14.5, 9.5], "texture": "#3"},
				"up": {"uv": [10.5, 14.5, 10, 14], "texture": "#3"},
				"down": {"uv": [14.5, 10, 14, 10.5], "texture": "#3"}
			}
		},
		{
			"from": [8.7, 9.7, 12.8],
			"to": [9.2, 10.2, 13.4],
			"rotation": {"angle": 45, "axis": "x", "origin": [10.4, 9.3, 13.6]},
			"faces": {
				"north": {"uv": [11, 14, 11.5, 14.5], "texture": "#3"},
				"east": {"uv": [14, 11, 14.5, 11.5], "texture": "#3"},
				"south": {"uv": [12, 14, 12.5, 14.5], "texture": "#3"},
				"west": {"uv": [14, 12, 14.5, 12.5], "texture": "#3"},
				"up": {"uv": [13.5, 14.5, 13, 14], "texture": "#3"},
				"down": {"uv": [14.5, 13, 14, 13.5], "texture": "#3"}
			}
		},
		{
			"from": [6.8, 6, 12.8],
			"to": [7.3, 6.6, 13.4],
			"rotation": {"angle": 45, "axis": "x", "origin": [8.5, 5.8, 13]},
			"faces": {
				"north": {"uv": [14, 14, 14.5, 14.5], "texture": "#3"},
				"east": {"uv": [0, 15, 0.5, 15.5], "texture": "#3"},
				"south": {"uv": [15, 0, 15.5, 0.5], "texture": "#3"},
				"west": {"uv": [1, 15, 1.5, 15.5], "texture": "#3"},
				"up": {"uv": [15.5, 1.5, 15, 1], "texture": "#3"},
				"down": {"uv": [2.5, 15, 2, 15.5], "texture": "#3"}
			}
		},
		{
			"from": [8.7, 6, 12.8],
			"to": [9.2, 6.6, 13.4],
			"rotation": {"angle": 45, "axis": "x", "origin": [10.4, 5.8, 13]},
			"faces": {
				"north": {"uv": [15, 2, 15.5, 2.5], "texture": "#3"},
				"east": {"uv": [3, 15, 3.5, 15.5], "texture": "#3"},
				"south": {"uv": [15, 3, 15.5, 3.5], "texture": "#3"},
				"west": {"uv": [4, 15, 4.5, 15.5], "texture": "#3"},
				"up": {"uv": [15.5, 4.5, 15, 4], "texture": "#3"},
				"down": {"uv": [5.5, 15, 5, 15.5], "texture": "#3"}
			}
		},
		{
			"from": [6.8, 9, 11.6],
			"to": [7.3, 9.6, 14],
			"rotation": {"angle": -22.5, "axis": "x", "origin": [8.5, 8.8, 12]},
			"faces": {
				"north": {"uv": [15, 5, 15.5, 5.5], "texture": "#3"},
				"east": {"uv": [6, 0, 8.5, 0.5], "texture": "#3"},
				"south": {"uv": [6, 15, 6.5, 15.5], "texture": "#3"},
				"west": {"uv": [6, 1, 8.5, 1.5], "texture": "#3"},
				"up": {"uv": [2.5, 8.5, 2, 6], "texture": "#3"},
				"down": {"uv": [3.5, 6, 3, 8.5], "texture": "#3"}
			}
		},
		{
			"from": [8.7, 9, 11.6],
			"to": [9.2, 9.6, 14],
			"rotation": {"angle": -22.5, "axis": "x", "origin": [10.4, 8.8, 12]},
			"faces": {
				"north": {"uv": [15, 6, 15.5, 6.5], "texture": "#3"},
				"east": {"uv": [6, 5, 8.5, 5.5], "texture": "#3"},
				"south": {"uv": [7, 15, 7.5, 15.5], "texture": "#3"},
				"west": {"uv": [6, 6, 8.5, 6.5], "texture": "#3"},
				"up": {"uv": [4.5, 9.5, 4, 7], "texture": "#3"},
				"down": {"uv": [6.5, 7, 6, 9.5], "texture": "#3"}
			}
		},
		{
			"from": [8.7, 6.1, 11.1],
			"to": [9.2, 6.7, 13.1],
			"rotation": {"angle": 22.5, "axis": "x", "origin": [10.4, 5.9, 12.7]},
			"faces": {
				"north": {"uv": [15, 7, 15.5, 7.5], "texture": "#3"},
				"east": {"uv": [9, 7, 11, 7.5], "texture": "#3"},
				"south": {"uv": [8, 15, 8.5, 15.5], "texture": "#3"},
				"west": {"uv": [9, 9, 11, 9.5], "texture": "#3"},
				"up": {"uv": [0.5, 12, 0, 10], "texture": "#3"},
				"down": {"uv": [1.5, 10, 1, 12], "texture": "#3"}
			}
		},
		{
			"from": [6.8, 6.1, 11.1],
			"to": [7.3, 6.7, 13.1],
			"rotation": {"angle": 22.5, "axis": "x", "origin": [8.5, 5.9, 12.7]},
			"faces": {
				"north": {"uv": [15, 8, 15.5, 8.5], "texture": "#3"},
				"east": {"uv": [10, 2, 12, 2.5], "texture": "#3"},
				"south": {"uv": [9, 15, 9.5, 15.5], "texture": "#3"},
				"west": {"uv": [4, 10, 6, 10.5], "texture": "#3"},
				"up": {"uv": [10.5, 6, 10, 4], "texture": "#3"},
				"down": {"uv": [6.5, 10, 6, 12], "texture": "#3"}
			}
		},
		{
			"from": [6.6, 5.4, 9.3],
			"to": [7.1, 6, 11.3],
			"rotation": {"angle": -22.5, "axis": "y", "origin": [8.3, 5.4, 11.3]},
			"faces": {
				"north": {"uv": [15, 9, 15.5, 9.5], "texture": "#3"},
				"east": {"uv": [10, 6, 12, 6.5], "texture": "#3"},
				"south": {"uv": [10, 15, 10.5, 15.5], "texture": "#3"},
				"west": {"uv": [10, 8, 12, 8.5], "texture": "#3"},
				"up": {"uv": [7.5, 12, 7, 10], "texture": "#3"},
				"down": {"uv": [9.5, 10, 9, 12], "texture": "#3"}
			}
		},
		{
			"from": [8.1, 5.4, 9.4],
			"to": [8.6, 6, 11.4],
			"rotation": {"angle": 22.5, "axis": "y", "origin": [6.9, 5.4, 9.4]},
			"faces": {
				"north": {"uv": [15, 10, 15.5, 10.5], "texture": "#3"},
				"east": {"uv": [10, 10, 12, 10.5], "texture": "#3"},
				"south": {"uv": [11, 15, 11.5, 15.5], "texture": "#3"},
				"west": {"uv": [11, 0, 13, 0.5], "texture": "#3"},
				"up": {"uv": [2.5, 13, 2, 11], "texture": "#3"},
				"down": {"uv": [3.5, 11, 3, 13], "texture": "#3"}
			}
		},
		{
			"from": [7.9, -0.5, 15.3],
			"to": [8.1, 16.2, 15.5],
			"rotation": {"angle": 0, "axis": "y", "origin": [7, 0, 14.8]},
			"faces": {
				"north": {"uv": [0, 0, 0.5, 8.5], "texture": "#4"},
				"east": {"uv": [0.5, 0, 1, 8.5], "texture": "#4"},
				"south": {"uv": [1, 0, 1.5, 8.5], "texture": "#4"},
				"west": {"uv": [1.5, 0, 2, 8.5], "texture": "#4"},
				"up": {"uv": [2.5, 0.5, 2, 0], "texture": "#4"},
				"down": {"uv": [2.5, 0.5, 2, 1], "texture": "#4"}
			}
		}
	],
	"overrides": [
		{"predicate": {"pulling": 1}, "model": "item/bow_pulling_0"},
		{"predicate": {"pulling": 1, "pull": 0.65}, "model": "item/bow_pulling_1"},
		{"predicate": {"pulling": 1, "pull": 0.9}, "model": "item/bow_pulling_2"}
	],
	"display": {
		"thirdperson_righthand": {
			"rotation": [0, 0, 180],
			"translation": [-1, -1.25, 0.25],
			"scale": [0.9, 0.9, 0.9]
		},
		"thirdperson_lefthand": {
			"rotation": [0, 0, 180],
			"translation": [-1, -2, -1.5],
			"scale": [0.9, 0.9, 0.9]
		},
		"firstperson_righthand": {
			"rotation": [8, 0, 0],
			"translation": [0.13, 3.95, -2.87],
			"scale": [0.68, 0.68, 0.68]
		},
		"firstperson_lefthand": {
			"translation": [-0.87, 4.7, -0.62],
			"scale": [0.68, 0.68, 0.68]
		},
		"ground": {
			"rotation": [0, 0, 90]
		},
		"gui": {
			"rotation": [90, 45, -90],
			"translation": [-2.5, 3.5, 0],
			"scale": [0.6, 0.6, 0.6]
		},
		"head": {
			"rotation": [-90, 0, 90],
			"translation": [0, 3, -6.5]
		},
		"fixed": {
			"rotation": [0, -86, 0],
			"translation": [3.75, 0, 0]
		}
	},
	"groups": [
		{
			"name": "bow",
			"origin": [8, 8, 8],
			"color": 0,
			"children": [
				{
					"name": "group",
					"origin": [8, 8, 8],
					"color": 9,
					"children": [
						0,
						1,
						2,
						3,
						4,
						5,
						6,
						7,
						8,
						9,
						10,
						11,
						12,
						13,
						14,
						15,
						16,
						17,
						18,
						19,
						20,
						21,
						22,
						23,
						24,
						25,
						26,
						27,
						28,
						29,
						30,
						31,
						32,
						33,
						34,
						35,
						36,
						37,
						38,
						39,
						40,
						41,
						42,
						43,
						44,
						45,
						46,
						47,
						48,
						49,
						50,
						51,
						52,
						53,
						54
					]
				},
				{
					"name": "group",
					"origin": [8, 8, 8],
					"color": 8,
					"children": [55, 56, 57, 58, 59, 60, 61, 62, 63, 64, 65, 66, 67, 68, 69, 70, 71, 72, 73, 74, 75, 76, 77, 78, 79, 80, 81, 82, 83, 84, 85, 86, 87, 88, 89, 90]
				},
				{
					"name": "group",
					"origin": [8, 8, 8],
					"color": 0,
					"children": [91, 92, 93, 94, 95, 96, 97, 98, 99, 100, 101, 102, 103, 104, 105, 106, 107, 108, 109, 110, 111, 112, 113, 114]
				},
				{
					"name": "group",
					"origin": [8, 8, 8],
					"color": 0,
					"children": [115]
				}
			]
		}
	]
}