{
	"credit": "Made with Blockbench",
	"texture_size": [32, 32],
	"textures": {
		"0": "item/card/wq_card",
		"1": "item/card/wq_pm",
		"particle": "item/card/wq_card"
	},
	"elements": [
		{
			"from": [3, 17, 7],
			"to": [13, 18, 8],
			"rotation": {"angle": 0, "axis": "y", "origin": [0, 4, 0]},
			"faces": {
				"north": {"uv": [4, 0, 9, 0.5], "texture": "#0"},
				"east": {"uv": [6.5, 5, 7, 5.5], "texture": "#0"},
				"south": {"uv": [4, 0.5, 9, 1], "texture": "#0"},
				"west": {"uv": [6.5, 5.5, 7, 6], "texture": "#0"},
				"up": {"uv": [9, 1.5, 4, 1], "texture": "#0"},
				"down": {"uv": [9, 1.5, 4, 2], "texture": "#0"}
			}
		},
		{
			"from": [13.2, 1.2, 7],
			"to": [14.2, 16.8, 8],
			"rotation": {"angle": 0, "axis": "y", "origin": [0, 4, 0]},
			"faces": {
				"north": {"uv": [0, 0, 0.5, 8], "texture": "#0"},
				"east": {"uv": [0.5, 0, 1, 8], "texture": "#0"},
				"south": {"uv": [1, 0, 1.5, 8], "texture": "#0"},
				"west": {"uv": [1.5, 0, 2, 8], "texture": "#0"},
				"up": {"uv": [7, 6.5, 6.5, 6], "texture": "#0"},
				"down": {"uv": [7, 6.5, 6.5, 7], "texture": "#0"}
			}
		},
		{
			"from": [1.8, 1.2, 7],
			"to": [2.8, 16.8, 8],
			"rotation": {"angle": 0, "axis": "y", "origin": [0, 4, 0]},
			"faces": {
				"north": {"uv": [2, 0, 2.5, 8], "texture": "#0"},
				"east": {"uv": [2.5, 0, 3, 8], "texture": "#0"},
				"south": {"uv": [3, 0, 3.5, 8], "texture": "#0"},
				"west": {"uv": [3.5, 0, 4, 8], "texture": "#0"},
				"up": {"uv": [4.5, 7.5, 4, 7], "texture": "#0"},
				"down": {"uv": [7.5, 4, 7, 4.5], "texture": "#0"}
			}
		},
		{
			"from": [-0.7, 22.1, 7],
			"to": [1, 23.1, 8],
			"rotation": {"angle": -45, "axis": "z", "origin": [0, 4, 0]},
			"faces": {
				"north": {"uv": [4, 4, 5, 4.5], "texture": "#0"},
				"east": {"uv": [4.5, 7, 5, 7.5], "texture": "#0"},
				"south": {"uv": [4, 4.5, 5, 5], "texture": "#0"},
				"west": {"uv": [7, 4.5, 7.5, 5], "texture": "#0"},
				"up": {"uv": [5, 5.5, 4, 5], "texture": "#0"},
				"down": {"uv": [6, 4, 5, 4.5], "texture": "#0"}
			}
		},
		{
			"from": [0.4, 2.1, 7],
			"to": [2.1, 3.1, 8],
			"rotation": {"angle": -45, "axis": "z", "origin": [0, 0, 0]},
			"faces": {
				"north": {"uv": [5, 4.5, 6, 5], "texture": "#0"},
				"east": {"uv": [5, 7, 5.5, 7.5], "texture": "#0"},
				"south": {"uv": [5, 5, 6, 5.5], "texture": "#0"},
				"west": {"uv": [7, 5, 7.5, 5.5], "texture": "#0"},
				"up": {"uv": [5, 6, 4, 5.5], "texture": "#0"},
				"down": {"uv": [6, 5.5, 5, 6], "texture": "#0"}
			}
		},
		{
			"from": [-7.8, 14.3, 7],
			"to": [-6.8, 16, 8],
			"rotation": {"angle": -45, "axis": "z", "origin": [0, 4, 0]},
			"faces": {
				"north": {"uv": [4, 6, 4.5, 7], "texture": "#0"},
				"east": {"uv": [6, 4, 6.5, 5], "texture": "#0"},
				"south": {"uv": [4.5, 6, 5, 7], "texture": "#0"},
				"west": {"uv": [5, 6, 5.5, 7], "texture": "#0"},
				"up": {"uv": [6, 7.5, 5.5, 7], "texture": "#0"},
				"down": {"uv": [7.5, 5.5, 7, 6], "texture": "#0"}
			}
		},
		{
			"from": [8.2, 9.2, 7],
			"to": [9.2, 10.9, 8],
			"rotation": {"angle": -45, "axis": "z", "origin": [0, 0, 0]},
			"faces": {
				"north": {"uv": [6, 5, 6.5, 6], "texture": "#0"},
				"east": {"uv": [5.5, 6, 6, 7], "texture": "#0"},
				"south": {"uv": [6, 6, 6.5, 7], "texture": "#0"},
				"west": {"uv": [6.5, 4, 7, 5], "texture": "#0"},
				"up": {"uv": [6.5, 7.5, 6, 7], "texture": "#0"},
				"down": {"uv": [7.5, 6, 7, 6.5], "texture": "#0"}
			}
		},
		{
			"from": [3, 0, 7],
			"to": [13, 1, 8],
			"faces": {
				"north": {"uv": [4, 2, 9, 2.5], "texture": "#0"},
				"east": {"uv": [6.5, 7, 7, 7.5], "texture": "#0"},
				"south": {"uv": [4, 2.5, 9, 3], "texture": "#0"},
				"west": {"uv": [7, 6.5, 7.5, 7], "texture": "#0"},
				"up": {"uv": [9, 3.5, 4, 3], "texture": "#0"},
				"down": {"uv": [9, 3.5, 4, 4], "texture": "#0"}
			}
		},
		{
			"from": [2.8, 1, 7.2],
			"to": [13.2, 17, 7.8],
			"faces": {
				"north": {"uv": [5.5, 0, 10.75, 8], "texture": "#1"},
				"east": {"uv": [0, 8, 0.25, 16], "texture": "#missing"},
				"south": {"uv": [5.5, 0, 10.75, 8], "texture": "#1"},
				"west": {"uv": [0.5, 8, 0.75, 16], "texture": "#missing"},
				"up": {"uv": [6.25, 8.25, 1, 8], "texture": "#missing"},
				"down": {"uv": [11.75, 8, 6.5, 8.25], "texture": "#missing"}
			}
		}
	],
	"display": {
		"thirdperson_righthand": {
			"translation": [-0.25, 2.5, 2.25],
			"scale": [0.54, 0.54, 0.54]
		},
		"thirdperson_lefthand": {
			"translation": [-0.25, 2.5, 2.25],
			"scale": [0.54, 0.54, 0.54]
		},
		"firstperson_righthand": {
			"rotation": [0, -14, 0],
			"translation": [1.75, 1, -2.75],
			"scale": [0.5, 0.5, 0.5]
		},
		"firstperson_lefthand": {
			"rotation": [0, -14, 0],
			"translation": [1.75, 1, -2.75],
			"scale": [0.5, 0.5, 0.5]
		},
		"ground": {
			"translation": [0, 2, 0],
			"scale": [0.5, 0.5, 0.5]
		},
		"gui": {
			"translation": [0, -0.5, 0],
			"scale": [0.8, 0.8, 0.8]
		},
		"fixed": {
			"translation": [0, -1, 0]
		}
	},
	"groups": [
		{
			"name": "group",
			"origin": [8, 8, 8],
			"color": 0,
			"children": [0, 1, 2, 3, 4, 5, 6, 7]
		},
		8
	]
}