{
	"credit": "Made with Blockbench",
	"texture_size": [32, 32],
	"textures": {
		"0": "item/card/xj_card",
		"1": "item/card/xj_pm",
		"2": "item/card/xj_animation",
		"particle": "item/card/xj_card"
	},
	"elements": [
		{
			"from": [3, 17, 7],
			"to": [13, 18, 8],
			"rotation": {"angle": 0, "axis": "y", "origin": [0, 4, 0]},
			"faces": {
				"north": {"uv": [5, 9, 10, 9.5], "texture": "#0"},
				"east": {"uv": [10, 9, 10.5, 9.5], "texture": "#0"},
				"south": {"uv": [5, 9.5, 10, 10], "texture": "#0"},
				"west": {"uv": [9.5, 10, 10, 10.5], "texture": "#0"},
				"up": {"uv": [15, 0.5, 10, 0], "texture": "#0"},
				"down": {"uv": [15, 0.5, 10, 1], "texture": "#0"}
			}
		},
		{
			"from": [13.2, 1.2, 7],
			"to": [14.2, 16.8, 8],
			"rotation": {"angle": 0, "axis": "y", "origin": [0, 4, 0]},
			"faces": {
				"north": {"uv": [1, 8, 1.5, 16], "texture": "#0"},
				"east": {"uv": [1.5, 8, 2, 16], "texture": "#0"},
				"south": {"uv": [2, 8, 2.5, 16], "texture": "#0"},
				"west": {"uv": [2.5, 8, 3, 16], "texture": "#0"},
				"up": {"uv": [10.5, 10, 10, 9.5], "texture": "#0"},
				"down": {"uv": [10.5, 10, 10, 10.5], "texture": "#0"}
			}
		},
		{
			"from": [1.8, 1.2, 7],
			"to": [2.8, 16.8, 8],
			"rotation": {"angle": 0, "axis": "y", "origin": [0, 4, 0]},
			"faces": {
				"north": {"uv": [3, 8, 3.5, 16], "texture": "#0"},
				"east": {"uv": [3.5, 8, 4, 16], "texture": "#0"},
				"south": {"uv": [4, 8, 4.5, 16], "texture": "#0"},
				"west": {"uv": [4.5, 8, 5, 16], "texture": "#0"},
				"up": {"uv": [5.5, 11, 5, 10.5], "texture": "#0"},
				"down": {"uv": [6, 10.5, 5.5, 11], "texture": "#0"}
			}
		},
		{
			"from": [-0.7, 22.1, 7],
			"to": [1, 23.1, 8],
			"rotation": {"angle": -45, "axis": "z", "origin": [0, 4, 0]},
			"faces": {
				"north": {"uv": [10, 3, 11, 3.5], "texture": "#0"},
				"east": {"uv": [6, 10.5, 6.5, 11], "texture": "#0"},
				"south": {"uv": [10, 3.5, 11, 4], "texture": "#0"},
				"west": {"uv": [10.5, 6, 11, 6.5], "texture": "#0"},
				"up": {"uv": [11, 4.5, 10, 4], "texture": "#0"},
				"down": {"uv": [11, 4.5, 10, 5], "texture": "#0"}
			}
		},
		{
			"from": [0.4, 2.1, 7],
			"to": [2.1, 3.1, 8],
			"rotation": {"angle": -45, "axis": "z", "origin": [0, 0, 0]},
			"faces": {
				"north": {"uv": [5, 10, 6, 10.5], "texture": "#0"},
				"east": {"uv": [6.5, 10.5, 7, 11], "texture": "#0"},
				"south": {"uv": [10, 5, 11, 5.5], "texture": "#0"},
				"west": {"uv": [10.5, 6.5, 11, 7], "texture": "#0"},
				"up": {"uv": [11, 6, 10, 5.5], "texture": "#0"},
				"down": {"uv": [7, 10, 6, 10.5], "texture": "#0"}
			}
		},
		{
			"from": [-7.8, 14.3, 7],
			"to": [-6.8, 16, 8],
			"rotation": {"angle": -45, "axis": "z", "origin": [0, 4, 0]},
			"faces": {
				"north": {"uv": [10, 6, 10.5, 7], "texture": "#0"},
				"east": {"uv": [7, 10, 7.5, 11], "texture": "#0"},
				"south": {"uv": [10, 7, 10.5, 8], "texture": "#0"},
				"west": {"uv": [7.5, 10, 8, 11], "texture": "#0"},
				"up": {"uv": [11, 7.5, 10.5, 7], "texture": "#0"},
				"down": {"uv": [11, 7.5, 10.5, 8], "texture": "#0"}
			}
		},
		{
			"from": [8.2, 9.2, 7],
			"to": [9.2, 10.9, 8],
			"rotation": {"angle": -45, "axis": "z", "origin": [0, 0, 0]},
			"faces": {
				"north": {"uv": [8, 10, 8.5, 11], "texture": "#0"},
				"east": {"uv": [10, 8, 10.5, 9], "texture": "#0"},
				"south": {"uv": [8.5, 10, 9, 11], "texture": "#0"},
				"west": {"uv": [9, 10, 9.5, 11], "texture": "#0"},
				"up": {"uv": [11, 8.5, 10.5, 8], "texture": "#0"},
				"down": {"uv": [11, 8.5, 10.5, 9], "texture": "#0"}
			}
		},
		{
			"from": [3, 0, 7],
			"to": [13, 1, 8],
			"faces": {
				"north": {"uv": [10, 1, 15, 1.5], "texture": "#0"},
				"east": {"uv": [10.5, 9, 11, 9.5], "texture": "#0"},
				"south": {"uv": [10, 1.5, 15, 2], "texture": "#0"},
				"west": {"uv": [9.5, 10.5, 10, 11], "texture": "#0"},
				"up": {"uv": [15, 2.5, 10, 2], "texture": "#0"},
				"down": {"uv": [15, 2.5, 10, 3], "texture": "#0"}
			}
		},
		{
			"from": [2.8, 1, 7.2],
			"to": [13.2, 17, 7.8],
			"faces": {
				"north": {"uv": [0, 0, 7.89894, 7.81633], "texture": "#1"},
				"east": {"uv": [0, 8, 0.25, 16], "texture": "#1"},
				"south": {"uv": [5.5, 0, 10.64894, 7.81633], "texture": "#2"},
				"west": {"uv": [0.5, 8, 0.75, 16], "texture": "#1"},
				"up": {"uv": [10, 9.75, 0.85106, 5.37755], "texture": "#1"},
				"down": {"uv": [10, 5.37755, 0.85106, 9.75], "texture": "#1"}
			}
		}
	],
	"display": {
		"thirdperson_righthand": {
			"translation": [-0.25, 2.5, 2.25],
			"scale": [0.54, 0.54, 0.54]
		},
		"thirdperson_lefthand": {
			"translation": [-0.25, 2.5, 2.25],
			"scale": [0.54, 0.54, 0.54]
		},
		"firstperson_righthand": {
			"rotation": [0, -14, 0],
			"translation": [1.75, 1, -2.75],
			"scale": [0.5, 0.5, 0.5]
		},
		"firstperson_lefthand": {
			"rotation": [0, -14, 0],
			"translation": [1.75, 1, -2.75],
			"scale": [0.5, 0.5, 0.5]
		},
		"ground": {
			"translation": [0, 2, 0],
			"scale": [0.5, 0.5, 0.5]
		},
		"gui": {
			"translation": [0, -0.5, 0],
			"scale": [0.8, 0.8, 0.8]
		},
		"fixed": {
			"translation": [0, -1, 0]
		}
	},
	"groups": [
		{
			"name": "group",
			"origin": [8, 8, 8],
			"color": 0,
			"children": [0, 1, 2, 3, 4, 5, 6, 7]
		},
		8
	]
}