{
    "model": {
        "type": "select",
        "property": "custom_model_data",
        "fallback": {
            "type": "model",
            "model": "item/mace"
        },
        "cases": [
            {
                "model": {
                    "type": "model",
                    "model": "kingbox/leishen"
                },
                "when": "fengbaozhanchui"
            },
            {
                "model": {
                    "type": "model",
                    "model": "yin/pilaoban"
                },
                "when": "pilaoban"
            }
        ]
    }
}