{
	"credit": "Made with Blockbench",
	"texture_size": [64, 64],
	"textures": {
		"1": "item/the-sword-in-stone"
	},
	"elements": [
		{
			"from": [7.6, -15, 7],
			"to": [8.4, -14, 9],
			"rotation": {"angle": 0, "axis": "y", "origin": [7, -15, 7]},
			"faces": {
				"north": {"uv": [3, 0.5, 3.25, 0.75], "texture": "#1"},
				"east": {"uv": [5.75, 1.5, 6.25, 1.75], "texture": "#1"},
				"south": {"uv": [4.25, 0.5, 4.5, 0.75], "texture": "#1"},
				"west": {"uv": [5.75, 2.25, 6.25, 2.5], "texture": "#1"},
				"up": {"uv": [3.5, 1.75, 3.25, 1.25], "texture": "#1"},
				"down": {"uv": [4, 0.75, 3.75, 1.25], "texture": "#1"}
			}
		},
		{
			"from": [7.5, -15, 6.3],
			"to": [8.5, -14, 8.1],
			"rotation": {"angle": -45, "axis": "y", "origin": [7, -15, 7.6]},
			"faces": {
				"north": {"uv": [5, 2.25, 5.25, 2.5], "texture": "#1"},
				"east": {"uv": [5.75, 2.5, 6.25, 2.75], "texture": "#1"},
				"south": {"uv": [5.5, 3.5, 5.75, 3.75], "texture": "#1"},
				"west": {"uv": [4.25, 5.75, 4.75, 6], "texture": "#1"},
				"up": {"uv": [5, 6.25, 4.75, 5.75], "texture": "#1"},
				"down": {"uv": [6, 4.75, 5.75, 5.25], "texture": "#1"}
			}
		},
		{
			"from": [6.3, -15, 7.5],
			"to": [8.1, -14, 8.5],
			"rotation": {"angle": -45, "axis": "y", "origin": [7.6, -15, 9]},
			"faces": {
				"north": {"uv": [5, 5.75, 5.5, 6], "texture": "#1"},
				"east": {"uv": [7, 1.75, 7.25, 2], "texture": "#1"},
				"south": {"uv": [5.75, 5.25, 6.25, 5.5], "texture": "#1"},
				"west": {"uv": [7, 2, 7.25, 2.25], "texture": "#1"},
				"up": {"uv": [6, 6, 5.5, 5.75], "texture": "#1"},
				"down": {"uv": [6.25, 5.5, 5.75, 5.75], "texture": "#1"}
			}
		},
		{
			"from": [7, -15, 7.6],
			"to": [9, -14, 8.4],
			"rotation": {"angle": 0, "axis": "y", "origin": [7, -15, 7]},
			"faces": {
				"north": {"uv": [6, 0, 6.5, 0.25], "texture": "#1"},
				"east": {"uv": [7, 2.75, 7.25, 3], "texture": "#1"},
				"south": {"uv": [6, 0.25, 6.5, 0.5], "texture": "#1"},
				"west": {"uv": [7, 4.25, 7.25, 4.5], "texture": "#1"},
				"up": {"uv": [6.5, 2, 6, 1.75], "texture": "#1"},
				"down": {"uv": [2.5, 6, 2, 6.25], "texture": "#1"}
			}
		},
		{
			"from": [7.6, -7, 7],
			"to": [8.4, -6, 9],
			"rotation": {"angle": 0, "axis": "y", "origin": [7, -7, 7]},
			"faces": {
				"north": {"uv": [4.5, 7, 4.75, 7.25], "texture": "#1"},
				"east": {"uv": [6, 2, 6.5, 2.25], "texture": "#1"},
				"south": {"uv": [7, 4.5, 7.25, 4.75], "texture": "#1"},
				"west": {"uv": [6, 2.75, 6.5, 3], "texture": "#1"},
				"up": {"uv": [6.25, 3.5, 6, 3], "texture": "#1"},
				"down": {"uv": [3.5, 6, 3.25, 6.5], "texture": "#1"}
			}
		},
		{
			"from": [7, -7, 7.6],
			"to": [9, -6, 8.4],
			"rotation": {"angle": 0, "axis": "y", "origin": [7, -7, 7]},
			"faces": {
				"north": {"uv": [6, 3.5, 6.5, 3.75], "texture": "#1"},
				"east": {"uv": [7, 4.75, 7.25, 5], "texture": "#1"},
				"south": {"uv": [6, 3.75, 6.5, 4], "texture": "#1"},
				"west": {"uv": [7, 5, 7.25, 5.25], "texture": "#1"},
				"up": {"uv": [6.5, 4.25, 6, 4], "texture": "#1"},
				"down": {"uv": [4.75, 6, 4.25, 6.25], "texture": "#1"}
			}
		},
		{
			"from": [7.5, -7, 6.3],
			"to": [8.5, -6, 8.1],
			"rotation": {"angle": -45, "axis": "y", "origin": [7, -7, 7.6]},
			"faces": {
				"north": {"uv": [7, 5.25, 7.25, 5.5], "texture": "#1"},
				"east": {"uv": [6, 4.25, 6.5, 4.5], "texture": "#1"},
				"south": {"uv": [5.75, 7, 6, 7.25], "texture": "#1"},
				"west": {"uv": [6, 4.5, 6.5, 4.75], "texture": "#1"},
				"up": {"uv": [3.75, 6.5, 3.5, 6], "texture": "#1"},
				"down": {"uv": [6.25, 4.75, 6, 5.25], "texture": "#1"}
			}
		},
		{
			"from": [6.3, -7, 7.5],
			"to": [8.1, -6, 8.5],
			"rotation": {"angle": -45, "axis": "y", "origin": [7.6, -7, 9]},
			"faces": {
				"north": {"uv": [5, 6, 5.5, 6.25], "texture": "#1"},
				"east": {"uv": [7, 6, 7.25, 6.25], "texture": "#1"},
				"south": {"uv": [5.5, 6, 6, 6.25], "texture": "#1"},
				"west": {"uv": [7, 6.5, 7.25, 6.75], "texture": "#1"},
				"up": {"uv": [6.5, 6, 6, 5.75], "texture": "#1"},
				"down": {"uv": [6.5, 6, 6, 6.25], "texture": "#1"}
			}
		},
		{
			"from": [7.6, -14, 7.3],
			"to": [8.4, -11, 8.7],
			"rotation": {"angle": 0, "axis": "y", "origin": [7, -15, 7]},
			"faces": {
				"north": {"uv": [4.75, 1.75, 5, 2.5], "texture": "#1"},
				"east": {"uv": [2, 3.25, 2.375, 4], "texture": "#1"},
				"south": {"uv": [2, 4.75, 2.25, 5.5], "texture": "#1"},
				"west": {"uv": [2.5, 3.25, 2.875, 4], "texture": "#1"},
				"up": {"uv": [6.5, 5.625, 6.25, 5.25], "texture": "#1"},
				"down": {"uv": [5.75, 6.25, 5.5, 6.625], "texture": "#1"}
			}
		},
		{
			"from": [7.3, -14, 7.6],
			"to": [8.7, -11, 8.4],
			"rotation": {"angle": 0, "axis": "y", "origin": [7, -15, 7]},
			"faces": {
				"north": {"uv": [3, 3.25, 3.375, 4], "texture": "#1"},
				"east": {"uv": [2.25, 4.75, 2.5, 5.5], "texture": "#1"},
				"south": {"uv": [3.5, 1.25, 3.875, 2], "texture": "#1"},
				"west": {"uv": [2.5, 4.75, 2.75, 5.5], "texture": "#1"},
				"up": {"uv": [6.125, 6.5, 5.75, 6.25], "texture": "#1"},
				"down": {"uv": [6.625, 6.25, 6.25, 6.5], "texture": "#1"}
			}
		},
		{
			"from": [8.6, -14, 6.4],
			"to": [9.1, -11, 8.1],
			"rotation": {"angle": -45, "axis": "y", "origin": [7.5, -15, 6.6]},
			"faces": {
				"north": {"uv": [6.5, 0, 6.625, 0.75], "texture": "#1"},
				"east": {"uv": [3.5, 2, 3.875, 2.75], "texture": "#1"},
				"south": {"uv": [6.5, 0.75, 6.625, 1.5], "texture": "#1"},
				"west": {"uv": [3.5, 2.75, 3.875, 3.5], "texture": "#1"},
				"up": {"uv": [7.625, 6.125, 7.5, 5.75], "texture": "#1"},
				"down": {"uv": [6.125, 7.5, 6, 7.875], "texture": "#1"}
			}
		},
		{
			"from": [7.9, -14, 8.6],
			"to": [9.6, -11, 9.1],
			"rotation": {"angle": -45, "axis": "y", "origin": [9.4, -15, 7.5]},
			"faces": {
				"north": {"uv": [3.5, 3.5, 3.875, 4.25], "texture": "#1"},
				"east": {"uv": [2, 6.5, 2.125, 7.25], "texture": "#1"},
				"south": {"uv": [3.75, 0, 4.125, 0.75], "texture": "#1"},
				"west": {"uv": [2.25, 6.5, 2.375, 7.25], "texture": "#1"},
				"up": {"uv": [6.625, 7.625, 6.25, 7.5], "texture": "#1"},
				"down": {"uv": [7.875, 6.25, 7.5, 6.375], "texture": "#1"}
			}
		},
		{
			"from": [7.6, -10, 7.3],
			"to": [8.4, -7, 8.7],
			"rotation": {"angle": 0, "axis": "y", "origin": [7, -11, 7]},
			"faces": {
				"north": {"uv": [2.75, 4.75, 3, 5.5], "texture": "#1"},
				"east": {"uv": [4, 0.75, 4.375, 1.5], "texture": "#1"},
				"south": {"uv": [3, 4.75, 3.25, 5.5], "texture": "#1"},
				"west": {"uv": [1.5, 4, 1.875, 4.75], "texture": "#1"},
				"up": {"uv": [6.75, 2.125, 6.5, 1.75], "texture": "#1"},
				"down": {"uv": [2.75, 6.5, 2.5, 6.875], "texture": "#1"}
			}
		},
		{
			"from": [7.3, -10, 7.6],
			"to": [8.7, -7, 8.4],
			"rotation": {"angle": 0, "axis": "y", "origin": [7, -11, 7]},
			"faces": {
				"north": {"uv": [4, 1.5, 4.375, 2.25], "texture": "#1"},
				"east": {"uv": [3.25, 4.75, 3.5, 5.5], "texture": "#1"},
				"south": {"uv": [2, 4, 2.375, 4.75], "texture": "#1"},
				"west": {"uv": [3.5, 4.75, 3.75, 5.5], "texture": "#1"},
				"up": {"uv": [3.125, 6.75, 2.75, 6.5], "texture": "#1"},
				"down": {"uv": [6.875, 2.75, 6.5, 3], "texture": "#1"}
			}
		},
		{
			"from": [8.6, -10, 6.4],
			"to": [9.1, -7, 8.1],
			"rotation": {"angle": -45, "axis": "y", "origin": [7.5, -11, 6.6]},
			"faces": {
				"north": {"uv": [3.25, 6.5, 3.375, 7.25], "texture": "#1"},
				"east": {"uv": [4, 2.25, 4.375, 3], "texture": "#1"},
				"south": {"uv": [3.5, 6.5, 3.625, 7.25], "texture": "#1"},
				"west": {"uv": [2.5, 4, 2.875, 4.75], "texture": "#1"},
				"up": {"uv": [7.625, 6.875, 7.5, 6.5], "texture": "#1"},
				"down": {"uv": [6.875, 7.5, 6.75, 7.875], "texture": "#1"}
			}
		},
		{
			"from": [7.9, -10, 8.6],
			"to": [9.6, -7, 9.1],
			"rotation": {"angle": -45, "axis": "y", "origin": [9.4, -11, 7.5]},
			"faces": {
				"north": {"uv": [3, 4, 3.375, 4.75], "texture": "#1"},
				"east": {"uv": [6.5, 3.5, 6.625, 4.25], "texture": "#1"},
				"south": {"uv": [4, 3, 4.375, 3.75], "texture": "#1"},
				"west": {"uv": [6.5, 4.25, 6.625, 5], "texture": "#1"},
				"up": {"uv": [7.875, 7.125, 7.5, 7], "texture": "#1"},
				"down": {"uv": [7.625, 7.5, 7.25, 7.625], "texture": "#1"}
			}
		},
		{
			"from": [7.6, -11, 7.3],
			"to": [8.4, -10, 8.7],
			"rotation": {"angle": 0, "axis": "y", "origin": [7, -12, 7]},
			"faces": {
				"north": {"uv": [6.75, 7, 7, 7.25], "texture": "#1"},
				"east": {"uv": [6.5, 5, 6.875, 5.25], "texture": "#1"},
				"south": {"uv": [7, 7, 7.25, 7.25], "texture": "#1"},
				"west": {"uv": [6.5, 5.25, 6.875, 5.5], "texture": "#1"},
				"up": {"uv": [6.75, 5.875, 6.5, 5.5], "texture": "#1"},
				"down": {"uv": [6, 6.5, 5.75, 6.875], "texture": "#1"}
			}
		},
		{
			"from": [7.3, -11, 7.6],
			"to": [8.7, -10, 8.4],
			"rotation": {"angle": 0, "axis": "y", "origin": [7, -12, 7]},
			"faces": {
				"north": {"uv": [6, 6.5, 6.375, 6.75], "texture": "#1"},
				"east": {"uv": [0, 7.25, 0.25, 7.5], "texture": "#1"},
				"south": {"uv": [6.5, 6, 6.875, 6.25], "texture": "#1"},
				"west": {"uv": [7.25, 0, 7.5, 0.25], "texture": "#1"},
				"up": {"uv": [6.875, 6.75, 6.5, 6.5], "texture": "#1"},
				"down": {"uv": [7.125, 0, 6.75, 0.25], "texture": "#1"}
			}
		},
		{
			"from": [8.6, -11, 6.5],
			"to": [9.1, -10, 8],
			"rotation": {"angle": -45, "axis": "y", "origin": [7.5, -12, 6.6]},
			"faces": {
				"north": {"uv": [7.75, 5, 7.875, 5.25], "texture": "#1"},
				"east": {"uv": [6.75, 0.25, 7.125, 0.5], "texture": "#1"},
				"south": {"uv": [5.5, 7.75, 5.625, 8], "texture": "#1"},
				"west": {"uv": [6.75, 0.5, 7.125, 0.75], "texture": "#1"},
				"up": {"uv": [0.125, 8.125, 0, 7.75], "texture": "#1"},
				"down": {"uv": [7.875, 0, 7.75, 0.375], "texture": "#1"}
			}
		},
		{
			"from": [8, -11, 8.6],
			"to": [9.5, -10, 9.1],
			"rotation": {"angle": -45, "axis": "y", "origin": [9.4, -12, 7.5]},
			"faces": {
				"north": {"uv": [6.75, 0.75, 7.125, 1], "texture": "#1"},
				"east": {"uv": [7.75, 5.5, 7.875, 5.75], "texture": "#1"},
				"south": {"uv": [6.75, 1, 7.125, 1.25], "texture": "#1"},
				"west": {"uv": [5.75, 7.75, 5.875, 8], "texture": "#1"},
				"up": {"uv": [7.875, 7.375, 7.5, 7.25], "texture": "#1"},
				"down": {"uv": [0.625, 7.75, 0.25, 7.875], "texture": "#1"}
			}
		},
		{
			"from": [7.1, -6.1, 6.9],
			"to": [7.8, -4.6, 9.1],
			"rotation": {"angle": 0, "axis": "y", "origin": [7, -6, 7]},
			"faces": {
				"north": {"uv": [7.75, 0.5, 7.875, 0.875], "texture": "#1"},
				"east": {"uv": [4.75, 2.5, 5.25, 2.875], "texture": "#1"},
				"south": {"uv": [0.75, 7.75, 0.875, 8.125], "texture": "#1"},
				"west": {"uv": [3.75, 4.75, 4.25, 5.125], "texture": "#1"},
				"up": {"uv": [0.375, 7.75, 0.25, 7.25], "texture": "#1"},
				"down": {"uv": [7.375, 0.25, 7.25, 0.75], "texture": "#1"}
			}
		},
		{
			"from": [8.2, -6.1, 6.9],
			"to": [8.9, -4.6, 9.1],
			"rotation": {"angle": 0, "axis": "y", "origin": [8.2, -6, 7]},
			"faces": {
				"north": {"uv": [1, 7.75, 1.125, 8.125], "texture": "#1"},
				"east": {"uv": [4.75, 3.75, 5.25, 4.125], "texture": "#1"},
				"south": {"uv": [7.75, 1, 7.875, 1.375], "texture": "#1"},
				"west": {"uv": [4.25, 4.75, 4.75, 5.125], "texture": "#1"},
				"up": {"uv": [0.625, 7.75, 0.5, 7.25], "texture": "#1"},
				"down": {"uv": [0.875, 7.25, 0.75, 7.75], "texture": "#1"}
			}
		},
		{
			"from": [6.6, -6, 7],
			"to": [7.8, -4.3, 9],
			"rotation": {"angle": 0, "axis": "y", "origin": [7, -6, 7]},
			"faces": {
				"north": {"uv": [6.75, 1.25, 7, 1.625], "texture": "#1"},
				"east": {"uv": [4.75, 4.75, 5.25, 5.125], "texture": "#1"},
				"south": {"uv": [1.5, 6.75, 1.75, 7.125], "texture": "#1"},
				"west": {"uv": [5, 0, 5.5, 0.375], "texture": "#1"},
				"up": {"uv": [6.5, 1, 6.25, 0.5], "texture": "#1"},
				"down": {"uv": [6.5, 1, 6.25, 1.5], "texture": "#1"}
			}
		},
		{
			"from": [8.2, -6, 7],
			"to": [9.4, -4.3, 9],
			"rotation": {"angle": 0, "axis": "y", "origin": [8.6, -6, 7]},
			"faces": {
				"north": {"uv": [1.75, 6.75, 2, 7.125], "texture": "#1"},
				"east": {"uv": [5, 1.75, 5.5, 2.125], "texture": "#1"},
				"south": {"uv": [6.75, 1.75, 7, 2.125], "texture": "#1"},
				"west": {"uv": [5, 3, 5.5, 3.375], "texture": "#1"},
				"up": {"uv": [1.75, 6.75, 1.5, 6.25], "texture": "#1"},
				"down": {"uv": [2, 6.25, 1.75, 6.75], "texture": "#1"}
			}
		},
		{
			"from": [7.8, -6, 7.1],
			"to": [8.2, -4.3, 8.9],
			"rotation": {"angle": 0, "axis": "y", "origin": [7.8, -6, 7]},
			"faces": {
				"north": {"uv": [7.75, 1.5, 7.875, 1.875], "texture": "#1"},
				"east": {"uv": [5, 4.25, 5.5, 4.625], "texture": "#1"},
				"south": {"uv": [7.75, 2, 7.875, 2.375], "texture": "#1"},
				"west": {"uv": [5.25, 0.5, 5.75, 0.875], "texture": "#1"},
				"up": {"uv": [7.375, 1.25, 7.25, 0.75], "texture": "#1"},
				"down": {"uv": [1.125, 7.25, 1, 7.75], "texture": "#1"}
			}
		},
		{
			"from": [8.5, -5.2, 7.1],
			"to": [11.3, -3.5, 8.9],
			"rotation": {"angle": 22.5, "axis": "z", "origin": [10.9, -3.5, 7]},
			"faces": {
				"north": {"uv": [4, 3.75, 4.75, 4.125], "texture": "#1"},
				"east": {"uv": [5.25, 1, 5.75, 1.375], "texture": "#1"},
				"south": {"uv": [4.25, 0, 5, 0.375], "texture": "#1"},
				"west": {"uv": [1.5, 5.25, 2, 5.625], "texture": "#1"},
				"up": {"uv": [2.25, 2.75, 1.5, 2.25], "texture": "#1"},
				"down": {"uv": [3, 1.75, 2.25, 2.25], "texture": "#1"}
			}
		},
		{
			"from": [4, -5, 7.1],
			"to": [6.8, -3.3, 8.9],
			"rotation": {"angle": -22.5, "axis": "z", "origin": [4.4, -5, 7]},
			"faces": {
				"north": {"uv": [3.5, 4.25, 4.25, 4.625], "texture": "#1"},
				"east": {"uv": [5.25, 2.25, 5.75, 2.625], "texture": "#1"},
				"south": {"uv": [4.25, 4.25, 5, 4.625], "texture": "#1"},
				"west": {"uv": [3.75, 5.25, 4.25, 5.625], "texture": "#1"},
				"up": {"uv": [3, 2.75, 2.25, 2.25], "texture": "#1"},
				"down": {"uv": [2.25, 2.75, 1.5, 3.25], "texture": "#1"}
			}
		},
		{
			"from": [3.9, -3.5, 7.1],
			"to": [5.6, -1.6, 8.9],
			"rotation": {"angle": 45, "axis": "z", "origin": [5.6, -4.1, 7]},
			"faces": {
				"north": {"uv": [5.25, 3.75, 5.625, 4.25], "texture": "#1"},
				"east": {"uv": [4.5, 3, 5, 3.5], "texture": "#1"},
				"south": {"uv": [4.25, 5.25, 4.625, 5.75], "texture": "#1"},
				"west": {"uv": [4.75, 0.5, 5.25, 1], "texture": "#1"},
				"up": {"uv": [5.125, 5.75, 4.75, 5.25], "texture": "#1"},
				"down": {"uv": [5.625, 4.75, 5.25, 5.25], "texture": "#1"}
			}
		},
		{
			"from": [10.7, -3.2, 7.1],
			"to": [12.6, -1.5, 8.9],
			"rotation": {"angle": -45, "axis": "z", "origin": [10.1, -3.2, 7]},
			"faces": {
				"north": {"uv": [5.25, 5.25, 5.75, 5.625], "texture": "#1"},
				"east": {"uv": [5.5, 0, 6, 0.375], "texture": "#1"},
				"south": {"uv": [5.5, 1.75, 6, 2.125], "texture": "#1"},
				"west": {"uv": [2, 5.5, 2.5, 5.875], "texture": "#1"},
				"up": {"uv": [5.25, 1.5, 4.75, 1], "texture": "#1"},
				"down": {"uv": [2, 4.75, 1.5, 5.25], "texture": "#1"}
			}
		},
		{
			"from": [4, -4.7, 6.9],
			"to": [7.3, -3.6, 9.1],
			"rotation": {"angle": -22.5, "axis": "z", "origin": [4.4, -5, 7]},
			"faces": {
				"north": {"uv": [4.5, 3.5, 5.375, 3.75], "texture": "#1"},
				"east": {"uv": [6.25, 1.5, 6.75, 1.75], "texture": "#1"},
				"south": {"uv": [4.75, 1.5, 5.625, 1.75], "texture": "#1"},
				"west": {"uv": [2, 6.25, 2.5, 6.5], "texture": "#1"},
				"up": {"uv": [3.125, 1.25, 2.25, 0.75], "texture": "#1"},
				"down": {"uv": [3.125, 1.25, 2.25, 1.75], "texture": "#1"}
			}
		},
		{
			"from": [8.1, -4.9, 6.9],
			"to": [11.3, -3.8, 9.1],
			"rotation": {"angle": 22.5, "axis": "z", "origin": [10.9, -3.5, 7]},
			"faces": {
				"north": {"uv": [5.25, 2.75, 6, 3], "texture": "#1"},
				"east": {"uv": [6.25, 2.25, 6.75, 2.5], "texture": "#1"},
				"south": {"uv": [2.5, 5.5, 3.25, 5.75], "texture": "#1"},
				"west": {"uv": [6.25, 2.5, 6.75, 2.75], "texture": "#1"},
				"up": {"uv": [3, 3.25, 2.25, 2.75], "texture": "#1"},
				"down": {"uv": [3.75, 0, 3, 0.5], "texture": "#1"}
			}
		},
		{
			"from": [10.7, -4.9, 6.9],
			"to": [12.225, -3.8, 9.1],
			"rotation": {"angle": 45, "axis": "z", "origin": [10.9, -3.5, 7]},
			"faces": {
				"north": {"uv": [6.75, 2.25, 7.125, 2.5], "texture": "#1"},
				"east": {"uv": [6.25, 3, 6.75, 3.25], "texture": "#1"},
				"south": {"uv": [6.75, 2.5, 7.125, 2.75], "texture": "#1"},
				"west": {"uv": [6.25, 3.25, 6.75, 3.5], "texture": "#1"},
				"up": {"uv": [5.875, 3.5, 5.5, 3], "texture": "#1"},
				"down": {"uv": [3.625, 5.5, 3.25, 6], "texture": "#1"}
			}
		},
		{
			"from": [4.1, -4.8, 6.9],
			"to": [5.2, -3.025, 9.1],
			"rotation": {"angle": 45, "axis": "z", "origin": [3.8, -4.6, 7]},
			"faces": {
				"north": {"uv": [2.75, 6.75, 3, 7.125], "texture": "#1"},
				"east": {"uv": [5.5, 4.25, 6, 4.625], "texture": "#1"},
				"south": {"uv": [3, 6.75, 3.25, 7.125], "texture": "#1"},
				"west": {"uv": [5.75, 0.5, 6.25, 0.875], "texture": "#1"},
				"up": {"uv": [4.5, 6.75, 4.25, 6.25], "texture": "#1"},
				"down": {"uv": [4.75, 6.25, 4.5, 6.75], "texture": "#1"}
			}
		},
		{
			"from": [6.1, -5.3, 6.8],
			"to": [8, -5.1, 9.2],
			"rotation": {"angle": 22.5, "axis": "z", "origin": [6, -6.1, 7]},
			"faces": {
				"north": {"uv": [1.25, 7.25, 1.75, 7.375], "texture": "#1"},
				"east": {"uv": [6.75, 5.5, 7.375, 5.625], "texture": "#1"},
				"south": {"uv": [1.75, 7.25, 2.25, 7.375], "texture": "#1"},
				"west": {"uv": [6.75, 5.75, 7.375, 5.875], "texture": "#1"},
				"up": {"uv": [3.5, 2.375, 3, 1.75], "texture": "#1"},
				"down": {"uv": [3.5, 2.5, 3, 3.125], "texture": "#1"}
			}
		},
		{
			"from": [2.8, -3.6, 6.8],
			"to": [5.8, -3.4, 9.2],
			"rotation": {"angle": -45, "axis": "z", "origin": [3.8, -4.4, 7]},
			"faces": {
				"north": {"uv": [6.75, 3, 7.5, 3.125], "texture": "#1"},
				"east": {"uv": [6.75, 6.25, 7.375, 6.375], "texture": "#1"},
				"south": {"uv": [6.75, 3.25, 7.5, 3.375], "texture": "#1"},
				"west": {"uv": [6.75, 6.75, 7.375, 6.875], "texture": "#1"},
				"up": {"uv": [2.25, 0.625, 1.5, 0], "texture": "#1"},
				"down": {"uv": [2.25, 0.75, 1.5, 1.375], "texture": "#1"}
			}
		},
		{
			"from": [8.1, -4.5, 6.8],
			"to": [10, -4.3, 9.2],
			"rotation": {"angle": -22.5, "axis": "z", "origin": [8, -5.3, 7]},
			"faces": {
				"north": {"uv": [7.25, 1.75, 7.75, 1.875], "texture": "#1"},
				"east": {"uv": [0, 7, 0.625, 7.125], "texture": "#1"},
				"south": {"uv": [7.25, 2, 7.75, 2.125], "texture": "#1"},
				"west": {"uv": [0.75, 7, 1.375, 7.125], "texture": "#1"},
				"up": {"uv": [3.75, 1.125, 3.25, 0.5], "texture": "#1"},
				"down": {"uv": [2, 3.25, 1.5, 3.875], "texture": "#1"}
			}
		},
		{
			"from": [8.8, -4.2, 6.8],
			"to": [11.8, -4, 9.2],
			"rotation": {"angle": 45, "axis": "z", "origin": [10.8, -3.2, 7]},
			"faces": {
				"north": {"uv": [6.75, 3.5, 7.5, 3.625], "texture": "#1"},
				"east": {"uv": [7, 1.25, 7.625, 1.375], "texture": "#1"},
				"south": {"uv": [6.75, 3.75, 7.5, 3.875], "texture": "#1"},
				"west": {"uv": [7, 1.5, 7.625, 1.625], "texture": "#1"},
				"up": {"uv": [2.25, 2.125, 1.5, 1.5], "texture": "#1"},
				"down": {"uv": [3, 0, 2.25, 0.625], "texture": "#1"}
			}
		},
		{
			"from": [8.7, -4.3, 7.6],
			"to": [9, -2.3, 8.4],
			"rotation": {"angle": 0, "axis": "y", "origin": [7, -4.3, 7]},
			"faces": {
				"north": {"uv": [2.25, 7.25, 2.375, 7.75], "texture": "#1"},
				"east": {"uv": [4.75, 6.25, 5, 6.75], "texture": "#1"},
				"south": {"uv": [7.25, 2.25, 7.375, 2.75], "texture": "#1"},
				"west": {"uv": [6.25, 4.75, 6.5, 5.25], "texture": "#1"},
				"up": {"uv": [7.875, 6, 7.75, 5.75], "texture": "#1"},
				"down": {"uv": [7.875, 6, 7.75, 6.25], "texture": "#1"}
			}
		},
		{
			"from": [7, -4.3, 7.6],
			"to": [7.3, -2.3, 8.4],
			"rotation": {"angle": 0, "axis": "y", "origin": [5.3, -4.3, 7]},
			"faces": {
				"north": {"uv": [2.75, 7.25, 2.875, 7.75], "texture": "#1"},
				"east": {"uv": [5, 6.25, 5.25, 6.75], "texture": "#1"},
				"south": {"uv": [3, 7.25, 3.125, 7.75], "texture": "#1"},
				"west": {"uv": [5.25, 6.25, 5.5, 6.75], "texture": "#1"},
				"up": {"uv": [6.375, 8, 6.25, 7.75], "texture": "#1"},
				"down": {"uv": [6.625, 7.75, 6.5, 8], "texture": "#1"}
			}
		},
		{
			"from": [8.2, -4.3, 7.6],
			"to": [8.7, -3.8, 8.4],
			"rotation": {"angle": 0, "axis": "y", "origin": [7, -2.3, 7]},
			"faces": {
				"north": {"uv": [8.25, 8, 8.375, 8.125], "texture": "#1"},
				"east": {"uv": [7.75, 6.5, 8, 6.625], "texture": "#1"},
				"south": {"uv": [8.25, 8.25, 8.375, 8.375], "texture": "#1"},
				"west": {"uv": [7.75, 6.75, 8, 6.875], "texture": "#1"},
				"up": {"uv": [7.125, 8, 7, 7.75], "texture": "#1"},
				"down": {"uv": [7.375, 7.75, 7.25, 8], "texture": "#1"}
			}
		},
		{
			"from": [7.3, -4.3, 7.6],
			"to": [7.8, -3.8, 8.4],
			"rotation": {"angle": 0, "axis": "y", "origin": [6, -2.2, 7]},
			"faces": {
				"north": {"uv": [0, 8.5, 0.125, 8.625], "texture": "#1"},
				"east": {"uv": [7.5, 7.75, 7.75, 7.875], "texture": "#1"},
				"south": {"uv": [8.5, 0, 8.625, 0.125], "texture": "#1"},
				"west": {"uv": [7.75, 7.5, 8, 7.625], "texture": "#1"},
				"up": {"uv": [7.875, 8, 7.75, 7.75], "texture": "#1"},
				"down": {"uv": [8.125, 0, 8, 0.25], "texture": "#1"}
			}
		},
		{
			"from": [7.3, -2.9, 7.6],
			"to": [8.7, -2.6, 8.4],
			"rotation": {"angle": 0, "axis": "y", "origin": [6, -1, 7]},
			"faces": {
				"north": {"uv": [2.25, 7.75, 2.625, 7.875], "texture": "#1"},
				"east": {"uv": [0.25, 8, 0.5, 8.125], "texture": "#1"},
				"south": {"uv": [7.75, 2.5, 8.125, 2.625], "texture": "#1"},
				"west": {"uv": [8, 0.25, 8.25, 0.375], "texture": "#1"},
				"up": {"uv": [7.125, 4.25, 6.75, 4], "texture": "#1"},
				"down": {"uv": [4.625, 6.75, 4.25, 7], "texture": "#1"}
			}
		},
		{
			"from": [7.9, -2.6, 7.6],
			"to": [8.1, -1.4, 8.4],
			"rotation": {"angle": 0, "axis": "y", "origin": [6, -1, 7]},
			"faces": {
				"north": {"uv": [0.5, 8, 0.625, 8.25], "texture": "#1"},
				"east": {"uv": [7.25, 2.75, 7.5, 3], "texture": "#1"},
				"south": {"uv": [8, 0.5, 8.125, 0.75], "texture": "#1"},
				"west": {"uv": [3.25, 7.25, 3.5, 7.5], "texture": "#1"},
				"up": {"uv": [8.125, 1, 8, 0.75], "texture": "#1"},
				"down": {"uv": [8.125, 1, 8, 1.25], "texture": "#1"}
			}
		},
		{
			"from": [7.7, -1.4, 7.6],
			"to": [8.3, -1.2, 8.4],
			"rotation": {"angle": 0, "axis": "y", "origin": [6, 0.3, 7]},
			"faces": {
				"north": {"uv": [0.25, 8.5, 0.375, 8.625], "texture": "#1"},
				"east": {"uv": [1.25, 8, 1.5, 8.125], "texture": "#1"},
				"south": {"uv": [8.5, 0.25, 8.625, 0.375], "texture": "#1"},
				"west": {"uv": [8, 1.25, 8.25, 1.375], "texture": "#1"},
				"up": {"uv": [1.625, 8.25, 1.5, 8], "texture": "#1"},
				"down": {"uv": [8.125, 1.5, 8, 1.75], "texture": "#1"}
			}
		},
		{
			"from": [8.3, -3.5, 7.6],
			"to": [8.6, -2.3, 8.4],
			"rotation": {"angle": -22.5, "axis": "z", "origin": [6.9, -1.3, 7]},
			"faces": {
				"north": {"uv": [1.75, 8, 1.875, 8.25], "texture": "#1"},
				"east": {"uv": [3.5, 7.25, 3.75, 7.5], "texture": "#1"},
				"south": {"uv": [8, 1.75, 8.125, 2], "texture": "#1"},
				"west": {"uv": [7.25, 4, 7.5, 4.25], "texture": "#1"},
				"up": {"uv": [2.125, 8.25, 2, 8], "texture": "#1"},
				"down": {"uv": [8.125, 2, 8, 2.25], "texture": "#1"}
			}
		},
		{
			"from": [10.3, -2.2, 7.6],
			"to": [10.6, -1.9, 8.4],
			"rotation": {"angle": -45, "axis": "z", "origin": [8.9, -0.3, 7]},
			"faces": {
				"north": {"uv": [0.5, 8.5, 0.625, 8.625], "texture": "#1"},
				"east": {"uv": [2.25, 8, 2.5, 8.125], "texture": "#1"},
				"south": {"uv": [8.5, 0.5, 8.625, 0.625], "texture": "#1"},
				"west": {"uv": [8, 2.25, 8.25, 2.375], "texture": "#1"},
				"up": {"uv": [2.625, 8.25, 2.5, 8], "texture": "#1"},
				"down": {"uv": [2.875, 8, 2.75, 8.25], "texture": "#1"}
			}
		},
		{
			"from": [9.6, -2.2, 7.6],
			"to": [9.9, -1.9, 8.4],
			"rotation": {"angle": -45, "axis": "z", "origin": [8.2, -0.3, 7]},
			"faces": {
				"north": {"uv": [0.75, 8.5, 0.875, 8.625], "texture": "#1"},
				"east": {"uv": [3, 8, 3.25, 8.125], "texture": "#1"},
				"south": {"uv": [8.5, 0.75, 8.625, 0.875], "texture": "#1"},
				"west": {"uv": [8, 3, 8.25, 3.125], "texture": "#1"},
				"up": {"uv": [3.375, 8.25, 3.25, 8], "texture": "#1"},
				"down": {"uv": [8.125, 3.25, 8, 3.5], "texture": "#1"}
			}
		},
		{
			"from": [9.5, -2.2, 7.6],
			"to": [9.8, -1.9, 8.4],
			"rotation": {"angle": -45, "axis": "z", "origin": [8.1, -0.3, 7]},
			"faces": {
				"north": {"uv": [1, 8.5, 1.125, 8.625], "texture": "#1"},
				"east": {"uv": [3.5, 8, 3.75, 8.125], "texture": "#1"},
				"south": {"uv": [8.5, 1, 8.625, 1.125], "texture": "#1"},
				"west": {"uv": [8, 3.5, 8.25, 3.625], "texture": "#1"},
				"up": {"uv": [8.125, 4, 8, 3.75], "texture": "#1"},
				"down": {"uv": [8.125, 4, 8, 4.25], "texture": "#1"}
			}
		},
		{
			"from": [9.425, -0.4, 7.6],
			"to": [9.825, 0, 8.4],
			"rotation": {"angle": -45, "axis": "z", "origin": [8.2, 1.5, 7]},
			"faces": {
				"north": {"uv": [1.5, 8.5, 1.625, 8.625], "texture": "#1"},
				"east": {"uv": [8, 4.75, 8.25, 4.875], "texture": "#1"},
				"south": {"uv": [8.5, 1.5, 8.625, 1.625], "texture": "#1"},
				"west": {"uv": [5, 8, 5.25, 8.125], "texture": "#1"},
				"up": {"uv": [8.125, 5.25, 8, 5], "texture": "#1"},
				"down": {"uv": [8.125, 5.25, 8, 5.5], "texture": "#1"}
			}
		},
		{
			"from": [9.7, -0.9, 7.6],
			"to": [9.9, -0.625, 8.4],
			"rotation": {"angle": -45, "axis": "z", "origin": [8.2, 1, 7]},
			"faces": {
				"north": {"uv": [1.75, 8.5, 1.875, 8.625], "texture": "#1"},
				"east": {"uv": [5.5, 8, 5.75, 8.125], "texture": "#1"},
				"south": {"uv": [8.5, 1.75, 8.625, 1.875], "texture": "#1"},
				"west": {"uv": [8, 5.5, 8.25, 5.625], "texture": "#1"},
				"up": {"uv": [5.875, 8.25, 5.75, 8], "texture": "#1"},
				"down": {"uv": [8.125, 5.75, 8, 6], "texture": "#1"}
			}
		},
		{
			"from": [9.525, -0.9, 7.6],
			"to": [9.8, -0.7, 8.4],
			"rotation": {"angle": -45, "axis": "z", "origin": [8.1, 1, 7]},
			"faces": {
				"north": {"uv": [2, 8.5, 2.125, 8.625], "texture": "#1"},
				"east": {"uv": [6, 8, 6.25, 8.125], "texture": "#1"},
				"south": {"uv": [8.5, 2, 8.625, 2.125], "texture": "#1"},
				"west": {"uv": [8, 6, 8.25, 6.125], "texture": "#1"},
				"up": {"uv": [6.375, 8.25, 6.25, 8], "texture": "#1"},
				"down": {"uv": [8.125, 6.25, 8, 6.5], "texture": "#1"}
			}
		},
		{
			"from": [8.8, -2.2, 7.6],
			"to": [9.1, -1.9, 8.4],
			"rotation": {"angle": -45, "axis": "z", "origin": [7.4, -0.3, 7]},
			"faces": {
				"north": {"uv": [2.25, 8.5, 2.375, 8.625], "texture": "#1"},
				"east": {"uv": [6.5, 8, 6.75, 8.125], "texture": "#1"},
				"south": {"uv": [8.5, 2.25, 8.625, 2.375], "texture": "#1"},
				"west": {"uv": [8, 6.5, 8.25, 6.625], "texture": "#1"},
				"up": {"uv": [6.875, 8.25, 6.75, 8], "texture": "#1"},
				"down": {"uv": [8.125, 6.75, 8, 7], "texture": "#1"}
			}
		},
		{
			"from": [10.3, -2.4, 7.6],
			"to": [10.6, -2.1, 8.4],
			"rotation": {"angle": -45, "axis": "z", "origin": [8.9, -0.5, 7]},
			"faces": {
				"north": {"uv": [2.5, 8.5, 2.625, 8.625], "texture": "#1"},
				"east": {"uv": [7, 8, 7.25, 8.125], "texture": "#1"},
				"south": {"uv": [8.5, 2.5, 8.625, 2.625], "texture": "#1"},
				"west": {"uv": [8, 7, 8.25, 7.125], "texture": "#1"},
				"up": {"uv": [7.375, 8.25, 7.25, 8], "texture": "#1"},
				"down": {"uv": [8.125, 7.25, 8, 7.5], "texture": "#1"}
			}
		},
		{
			"from": [8.8, -2.4, 7.6],
			"to": [9.1, -2.1, 8.4],
			"rotation": {"angle": -45, "axis": "z", "origin": [7.4, -0.5, 7]},
			"faces": {
				"north": {"uv": [2.75, 8.5, 2.875, 8.625], "texture": "#1"},
				"east": {"uv": [7.5, 8, 7.75, 8.125], "texture": "#1"},
				"south": {"uv": [8.5, 2.75, 8.625, 2.875], "texture": "#1"},
				"west": {"uv": [8, 7.5, 8.25, 7.625], "texture": "#1"},
				"up": {"uv": [7.875, 8.25, 7.75, 8], "texture": "#1"},
				"down": {"uv": [8.125, 7.75, 8, 8], "texture": "#1"}
			}
		},
		{
			"from": [7.6, -4.7, 7.6],
			"to": [7.9, -3.5, 8.4],
			"rotation": {"angle": 22.5, "axis": "z", "origin": [6.2, -2.4, 7]},
			"faces": {
				"north": {"uv": [8, 8, 8.125, 8.25], "texture": "#1"},
				"east": {"uv": [7.25, 4.25, 7.5, 4.5], "texture": "#1"},
				"south": {"uv": [0, 8.25, 0.125, 8.5], "texture": "#1"},
				"west": {"uv": [4.5, 7.25, 4.75, 7.5], "texture": "#1"},
				"up": {"uv": [8.375, 0.25, 8.25, 0], "texture": "#1"},
				"down": {"uv": [0.375, 8.25, 0.25, 8.5], "texture": "#1"}
			}
		},
		{
			"from": [7.1, -5.1, 7.6],
			"to": [7.4, -4.3, 8.4],
			"rotation": {"angle": 22.5, "axis": "z", "origin": [5.7, -3.1, 7]},
			"faces": {
				"north": {"uv": [8.25, 0.25, 8.375, 0.5], "texture": "#1"},
				"east": {"uv": [7.25, 4.5, 7.5, 4.75], "texture": "#1"},
				"south": {"uv": [0.5, 8.25, 0.625, 8.5], "texture": "#1"},
				"west": {"uv": [7.25, 4.75, 7.5, 5], "texture": "#1"},
				"up": {"uv": [8.375, 0.75, 8.25, 0.5], "texture": "#1"},
				"down": {"uv": [0.875, 8.25, 0.75, 8.5], "texture": "#1"}
			}
		},
		{
			"from": [8.8, -4, 7.6],
			"to": [9.1, -3.1, 8.4],
			"rotation": {"angle": -22.5, "axis": "z", "origin": [7.4, -2, 7]},
			"faces": {
				"north": {"uv": [8.25, 0.75, 8.375, 1], "texture": "#1"},
				"east": {"uv": [7.25, 5, 7.5, 5.25], "texture": "#1"},
				"south": {"uv": [1, 8.25, 1.125, 8.5], "texture": "#1"},
				"west": {"uv": [7.25, 5.25, 7.5, 5.5], "texture": "#1"},
				"up": {"uv": [8.375, 1.25, 8.25, 1], "texture": "#1"},
				"down": {"uv": [1.375, 8.25, 1.25, 8.5], "texture": "#1"}
			}
		},
		{
			"from": [7.25, -2.6, 7.6],
			"to": [7.425, -0.175, 8.4],
			"rotation": {"angle": 0, "axis": "y", "origin": [7, -1.2, 7]},
			"faces": {
				"north": {"uv": [2.5, 7, 2.625, 7.625], "texture": "#1"},
				"east": {"uv": [2.5, 5.75, 2.75, 6.375], "texture": "#1"},
				"south": {"uv": [3.75, 7, 3.875, 7.625], "texture": "#1"},
				"west": {"uv": [2.75, 5.75, 3, 6.375], "texture": "#1"},
				"up": {"uv": [8.375, 1.5, 8.25, 1.25], "texture": "#1"},
				"down": {"uv": [1.625, 8.25, 1.5, 8.5], "texture": "#1"}
			}
		},
		{
			"from": [7.8, -0.2, 7.6],
			"to": [8, 0.6, 8.4],
			"rotation": {"angle": -22.5, "axis": "z", "origin": [7.6, 1.2, 7]},
			"faces": {
				"north": {"uv": [8.25, 1.5, 8.375, 1.75], "texture": "#1"},
				"east": {"uv": [5.75, 7.25, 6, 7.5], "texture": "#1"},
				"south": {"uv": [1.75, 8.25, 1.875, 8.5], "texture": "#1"},
				"west": {"uv": [7.25, 6, 7.5, 6.25], "texture": "#1"},
				"up": {"uv": [8.375, 2, 8.25, 1.75], "texture": "#1"},
				"down": {"uv": [2.125, 8.25, 2, 8.5], "texture": "#1"}
			}
		},
		{
			"from": [7, 1.3, 7.6],
			"to": [7.6, 1.5, 8.4],
			"rotation": {"angle": 45, "axis": "z", "origin": [8.4, 1.7, 7]},
			"faces": {
				"north": {"uv": [3, 8.5, 3.125, 8.625], "texture": "#1"},
				"east": {"uv": [8.25, 2, 8.5, 2.125], "texture": "#1"},
				"south": {"uv": [8.5, 3, 8.625, 3.125], "texture": "#1"},
				"west": {"uv": [2.25, 8.25, 2.5, 8.375], "texture": "#1"},
				"up": {"uv": [8.375, 2.5, 8.25, 2.25], "texture": "#1"},
				"down": {"uv": [2.625, 8.25, 2.5, 8.5], "texture": "#1"}
			}
		},
		{
			"from": [7.4, -0.1, 7.6],
			"to": [7.6, 0.4, 8.4],
			"rotation": {"angle": 45, "axis": "z", "origin": [7.2, 1.2, 7]},
			"faces": {
				"north": {"uv": [3.25, 8.5, 3.375, 8.625], "texture": "#1"},
				"east": {"uv": [8.25, 2.5, 8.5, 2.625], "texture": "#1"},
				"south": {"uv": [8.5, 3.25, 8.625, 3.375], "texture": "#1"},
				"west": {"uv": [2.75, 8.25, 3, 8.375], "texture": "#1"},
				"up": {"uv": [8.375, 3, 8.25, 2.75], "texture": "#1"},
				"down": {"uv": [3.125, 8.25, 3, 8.5], "texture": "#1"}
			}
		},
		{
			"from": [8, -0.4, 7.6],
			"to": [8.2, 0.4, 8.4],
			"rotation": {"angle": 22.5, "axis": "z", "origin": [7.8, 1, 7]},
			"faces": {
				"north": {"uv": [8.25, 3, 8.375, 3.25], "texture": "#1"},
				"east": {"uv": [7.25, 6.5, 7.5, 6.75], "texture": "#1"},
				"south": {"uv": [3.25, 8.25, 3.375, 8.5], "texture": "#1"},
				"west": {"uv": [6.75, 7.25, 7, 7.5], "texture": "#1"},
				"up": {"uv": [8.375, 3.5, 8.25, 3.25], "texture": "#1"},
				"down": {"uv": [3.625, 8.25, 3.5, 8.5], "texture": "#1"}
			}
		},
		{
			"from": [8.525, -2.6, 7.6],
			"to": [8.7, -0.1, 8.4],
			"rotation": {"angle": 0, "axis": "y", "origin": [8.3, -1.2, 7]},
			"faces": {
				"north": {"uv": [4, 7, 4.125, 7.625], "texture": "#1"},
				"east": {"uv": [3, 5.75, 3.25, 6.375], "texture": "#1"},
				"south": {"uv": [4.25, 7, 4.375, 7.625], "texture": "#1"},
				"west": {"uv": [5.75, 3.5, 6, 4.125], "texture": "#1"},
				"up": {"uv": [8.375, 3.75, 8.25, 3.5], "texture": "#1"},
				"down": {"uv": [3.875, 8.25, 3.75, 8.5], "texture": "#1"}
			}
		},
		{
			"from": [7.4, -4.4, 7.7],
			"to": [8.6, 0.1, 8.3],
			"rotation": {"angle": 0, "axis": "y", "origin": [7, -1.2, 7]},
			"faces": {
				"north": {"uv": [4.5, 0.5, 4.75, 1.625], "texture": "#1"},
				"east": {"uv": [3.75, 5.75, 3.875, 6.875], "texture": "#1"},
				"south": {"uv": [4.5, 1.75, 4.75, 2.875], "texture": "#1"},
				"west": {"uv": [4, 5.75, 4.125, 6.875], "texture": "#1"},
				"up": {"uv": [8.5, 3.875, 8.25, 3.75], "texture": "#1"},
				"down": {"uv": [4.25, 8.25, 4, 8.375], "texture": "#1"}
			}
		},
		{
			"from": [7.7, 0.5, 7.7],
			"to": [8.2, 0.7, 8.3],
			"rotation": {"angle": 0, "axis": "y", "origin": [7, -1.2, 7]},
			"faces": {
				"north": {"uv": [3.5, 8.5, 3.625, 8.625], "texture": "#1"},
				"east": {"uv": [8.5, 3.5, 8.625, 3.625], "texture": "#1"},
				"south": {"uv": [3.75, 8.5, 3.875, 8.625], "texture": "#1"},
				"west": {"uv": [8.5, 3.75, 8.625, 3.875], "texture": "#1"},
				"up": {"uv": [4.125, 8.625, 4, 8.5], "texture": "#1"},
				"down": {"uv": [8.625, 4, 8.5, 4.125], "texture": "#1"}
			}
		},
		{
			"from": [7.5, 0.1, 7.7],
			"to": [8.4, 0.5, 8.3],
			"rotation": {"angle": 0, "axis": "y", "origin": [7, -1.2, 7]},
			"faces": {
				"north": {"uv": [8.25, 4, 8.5, 4.125], "texture": "#1"},
				"east": {"uv": [4.25, 8.5, 4.375, 8.625], "texture": "#1"},
				"south": {"uv": [4.25, 8.25, 4.5, 8.375], "texture": "#1"},
				"west": {"uv": [8.5, 4.25, 8.625, 4.375], "texture": "#1"},
				"up": {"uv": [8.5, 4.375, 8.25, 4.25], "texture": "#1"},
				"down": {"uv": [4.75, 8.25, 4.5, 8.375], "texture": "#1"}
			}
		},
		{
			"from": [7.2, -4.9, 7.8],
			"to": [8.8, -2.8, 8.2],
			"rotation": {"angle": 0, "axis": "y", "origin": [7, -1.2, 7]},
			"faces": {
				"north": {"uv": [5.75, 1, 6.125, 1.5], "texture": "#1"},
				"east": {"uv": [7, 7.25, 7.125, 7.75], "texture": "#1"},
				"south": {"uv": [1.5, 5.75, 1.875, 6.25], "texture": "#1"},
				"west": {"uv": [7.25, 7, 7.375, 7.5], "texture": "#1"},
				"up": {"uv": [3.125, 7.875, 2.75, 7.75], "texture": "#1"},
				"down": {"uv": [8.125, 2.75, 7.75, 2.875], "texture": "#1"}
			}
		},
		{
			"from": [6.8, -4.3, 7.7],
			"to": [7, -1.3, 8.3],
			"rotation": {"angle": 0, "axis": "y", "origin": [7, -4.3, 7]},
			"faces": {
				"north": {"uv": [6.75, 4.25, 6.875, 5], "texture": "#1"},
				"east": {"uv": [4.75, 6.75, 4.875, 7.5], "texture": "#1"},
				"south": {"uv": [5, 6.75, 5.125, 7.5], "texture": "#1"},
				"west": {"uv": [5.25, 6.75, 5.375, 7.5], "texture": "#1"},
				"up": {"uv": [4.625, 8.625, 4.5, 8.5], "texture": "#1"},
				"down": {"uv": [8.625, 4.5, 8.5, 4.625], "texture": "#1"}
			}
		},
		{
			"from": [8.8, -2.3, 7.6],
			"to": [9, -1.8, 8.4],
			"rotation": {"angle": 0, "axis": "y", "origin": [9, -4.6, 7]},
			"faces": {
				"north": {"uv": [4.75, 8.5, 4.875, 8.625], "texture": "#1"},
				"east": {"uv": [8.25, 4.5, 8.5, 4.625], "texture": "#1"},
				"south": {"uv": [8.5, 4.75, 8.625, 4.875], "texture": "#1"},
				"west": {"uv": [4.75, 8.25, 5, 8.375], "texture": "#1"},
				"up": {"uv": [8.375, 5, 8.25, 4.75], "texture": "#1"},
				"down": {"uv": [5.125, 8.25, 5, 8.5], "texture": "#1"}
			}
		},
		{
			"from": [7, -2.3, 7.6],
			"to": [7.2, -1.7, 8.4],
			"rotation": {"angle": 0, "axis": "y", "origin": [7, -4.6, 7]},
			"faces": {
				"north": {"uv": [5, 8.5, 5.125, 8.625], "texture": "#1"},
				"east": {"uv": [8.25, 5, 8.5, 5.125], "texture": "#1"},
				"south": {"uv": [8.5, 5, 8.625, 5.125], "texture": "#1"},
				"west": {"uv": [5.25, 8.25, 5.5, 8.375], "texture": "#1"},
				"up": {"uv": [8.375, 5.5, 8.25, 5.25], "texture": "#1"},
				"down": {"uv": [5.625, 8.25, 5.5, 8.5], "texture": "#1"}
			}
		},
		{
			"from": [7.2, -2.3, 7.6],
			"to": [7.3, -2.2, 8.4],
			"rotation": {"angle": 0, "axis": "y", "origin": [7.2, -4.6, 7]},
			"faces": {
				"north": {"uv": [5.25, 8.5, 5.375, 8.625], "texture": "#1"},
				"east": {"uv": [8.25, 5.5, 8.5, 5.625], "texture": "#1"},
				"south": {"uv": [8.5, 5.25, 8.625, 5.375], "texture": "#1"},
				"west": {"uv": [5.75, 8.25, 6, 8.375], "texture": "#1"},
				"up": {"uv": [8.375, 6, 8.25, 5.75], "texture": "#1"},
				"down": {"uv": [6.125, 8.25, 6, 8.5], "texture": "#1"}
			}
		},
		{
			"from": [8.7, -2.3, 7.6],
			"to": [8.8, -2.2, 8.4],
			"rotation": {"angle": 0, "axis": "y", "origin": [8.7, -4.6, 7]},
			"faces": {
				"north": {"uv": [5.5, 8.5, 5.625, 8.625], "texture": "#1"},
				"east": {"uv": [8.25, 6, 8.5, 6.125], "texture": "#1"},
				"south": {"uv": [8.5, 5.5, 8.625, 5.625], "texture": "#1"},
				"west": {"uv": [6.25, 8.25, 6.5, 8.375], "texture": "#1"},
				"up": {"uv": [8.375, 6.5, 8.25, 6.25], "texture": "#1"},
				"down": {"uv": [6.625, 8.25, 6.5, 8.5], "texture": "#1"}
			}
		},
		{
			"from": [8, -2, 7.6],
			"to": [8.2, -1, 8.4],
			"rotation": {"angle": 22.5, "axis": "z", "origin": [8.2, -4.1, 7]},
			"faces": {
				"north": {"uv": [8.25, 6.5, 8.375, 6.75], "texture": "#1"},
				"east": {"uv": [0, 7.5, 0.25, 7.75], "texture": "#1"},
				"south": {"uv": [6.75, 8.25, 6.875, 8.5], "texture": "#1"},
				"west": {"uv": [7.5, 0, 7.75, 0.25], "texture": "#1"},
				"up": {"uv": [8.375, 7, 8.25, 6.75], "texture": "#1"},
				"down": {"uv": [7.125, 8.25, 7, 8.5], "texture": "#1"}
			}
		},
		{
			"from": [7.8, -2.1, 7.6],
			"to": [8, -1.1, 8.4],
			"rotation": {"angle": -22.5, "axis": "z", "origin": [8, -4.2, 7]},
			"faces": {
				"north": {"uv": [8.25, 7, 8.375, 7.25], "texture": "#1"},
				"east": {"uv": [7.5, 0.25, 7.75, 0.5], "texture": "#1"},
				"south": {"uv": [7.25, 8.25, 7.375, 8.5], "texture": "#1"},
				"west": {"uv": [7.5, 0.5, 7.75, 0.75], "texture": "#1"},
				"up": {"uv": [8.375, 7.5, 8.25, 7.25], "texture": "#1"},
				"down": {"uv": [7.625, 8.25, 7.5, 8.5], "texture": "#1"}
			}
		},
		{
			"from": [9, -4.3, 7.7],
			"to": [9.2, -1.3, 8.3],
			"rotation": {"angle": 0, "axis": "y", "origin": [7, -4.3, 7]},
			"faces": {
				"north": {"uv": [5.5, 6.75, 5.625, 7.5], "texture": "#1"},
				"east": {"uv": [6, 6.75, 6.125, 7.5], "texture": "#1"},
				"south": {"uv": [6.25, 6.75, 6.375, 7.5], "texture": "#1"},
				"west": {"uv": [6.5, 6.75, 6.625, 7.5], "texture": "#1"},
				"up": {"uv": [5.875, 8.625, 5.75, 8.5], "texture": "#1"},
				"down": {"uv": [8.625, 5.75, 8.5, 5.875], "texture": "#1"}
			}
		},
		{
			"from": [7.7, -4.3, 8.1],
			"to": [7.9, -2.3, 8.5],
			"rotation": {"angle": -45, "axis": "y", "origin": [7.5, -4.3, 7.3]},
			"faces": {
				"north": {"uv": [7.5, 0.75, 7.625, 1.25], "texture": "#1"},
				"east": {"uv": [1.25, 7.5, 1.375, 8], "texture": "#1"},
				"south": {"uv": [1.5, 7.5, 1.625, 8], "texture": "#1"},
				"west": {"uv": [1.75, 7.5, 1.875, 8], "texture": "#1"},
				"up": {"uv": [6.125, 8.625, 6, 8.5], "texture": "#1"},
				"down": {"uv": [8.625, 6, 8.5, 6.125], "texture": "#1"}
			}
		},
		{
			"from": [7.7, -4.3, 7.7],
			"to": [7.9, -2.3, 8.1],
			"rotation": {"angle": -45, "axis": "y", "origin": [7.5, -4.3, 6.9]},
			"faces": {
				"north": {"uv": [2, 7.5, 2.125, 8], "texture": "#1"},
				"east": {"uv": [7.5, 2.25, 7.625, 2.75], "texture": "#1"},
				"south": {"uv": [7.5, 2.75, 7.625, 3.25], "texture": "#1"},
				"west": {"uv": [3.25, 7.5, 3.375, 8], "texture": "#1"},
				"up": {"uv": [6.375, 8.625, 6.25, 8.5], "texture": "#1"},
				"down": {"uv": [8.625, 6.25, 8.5, 6.375], "texture": "#1"}
			}
		},
		{
			"from": [9.7, -4.3, 7.7],
			"to": [9.9, -2.3, 8.1],
			"rotation": {"angle": -45, "axis": "y", "origin": [9.5, -4.3, 6.9]},
			"faces": {
				"north": {"uv": [7.5, 3.25, 7.625, 3.75], "texture": "#1"},
				"east": {"uv": [3.5, 7.5, 3.625, 8], "texture": "#1"},
				"south": {"uv": [7.5, 3.75, 7.625, 4.25], "texture": "#1"},
				"west": {"uv": [7.5, 4.25, 7.625, 4.75], "texture": "#1"},
				"up": {"uv": [6.625, 8.625, 6.5, 8.5], "texture": "#1"},
				"down": {"uv": [8.625, 6.5, 8.5, 6.625], "texture": "#1"}
			}
		},
		{
			"from": [9.7, -4.3, 8.1],
			"to": [9.9, -2.3, 8.5],
			"rotation": {"angle": -45, "axis": "y", "origin": [9.5, -4.3, 7.3]},
			"faces": {
				"north": {"uv": [4.5, 7.5, 4.625, 8], "texture": "#1"},
				"east": {"uv": [4.75, 7.5, 4.875, 8], "texture": "#1"},
				"south": {"uv": [7.5, 4.75, 7.625, 5.25], "texture": "#1"},
				"west": {"uv": [5, 7.5, 5.125, 8], "texture": "#1"},
				"up": {"uv": [6.875, 8.625, 6.75, 8.5], "texture": "#1"},
				"down": {"uv": [8.625, 6.75, 8.5, 6.875], "texture": "#1"}
			}
		},
		{
			"from": [7, -2.3, 7.8],
			"to": [9, 25, 8.2],
			"rotation": {"angle": 0, "axis": "y", "origin": [7, -1, 7]},
			"faces": {
				"north": {"uv": [0, 0, 0.5, 6.875], "texture": "#1"},
				"east": {"uv": [1, 0, 1.125, 6.875], "texture": "#1"},
				"south": {"uv": [0.5, 0, 1, 6.875], "texture": "#1"},
				"west": {"uv": [1.25, 0, 1.375, 6.875], "texture": "#1"},
				"up": {"uv": [5.75, 7.625, 5.25, 7.5], "texture": "#1"},
				"down": {"uv": [8, 5.25, 7.5, 5.375], "texture": "#1"}
			}
		},
		{
			"from": [7.4, 25, 7.8],
			"to": [8.6, 25.9, 8.2],
			"rotation": {"angle": 0, "axis": "y", "origin": [7, -1, 7]},
			"faces": {
				"north": {"uv": [7.5, 5.5, 7.75, 5.75], "texture": "#1"},
				"east": {"uv": [8.25, 7.5, 8.375, 7.75], "texture": "#1"},
				"south": {"uv": [5.75, 7.5, 6, 7.75], "texture": "#1"},
				"west": {"uv": [7.75, 8.25, 7.875, 8.5], "texture": "#1"},
				"up": {"uv": [8.5, 7.875, 8.25, 7.75], "texture": "#1"},
				"down": {"uv": [8.25, 8.25, 8, 8.375], "texture": "#1"}
			}
		},
		{
			"from": [16.1, 25.6, 7.8],
			"to": [16.675, 27.2, 8.2],
			"rotation": {"angle": 22.5, "axis": "z", "origin": [14.4, 6, 7]},
			"faces": {
				"north": {"uv": [7.75, 3, 7.875, 3.375], "texture": "#1"},
				"east": {"uv": [7.75, 3.5, 7.875, 3.875], "texture": "#1"},
				"south": {"uv": [3.75, 7.75, 3.875, 8.125], "texture": "#1"},
				"west": {"uv": [4, 7.75, 4.125, 8.125], "texture": "#1"},
				"up": {"uv": [7.125, 8.625, 7, 8.5], "texture": "#1"},
				"down": {"uv": [8.625, 7, 8.5, 7.125], "texture": "#1"}
			}
		},
		{
			"from": [22.4, 30.575, 7.8],
			"to": [22.975, 31.125, 8.2],
			"rotation": {"angle": 45, "axis": "z", "origin": [20.7, 10.9, 7]},
			"faces": {
				"north": {"uv": [7.25, 8.5, 7.375, 8.625], "texture": "#1"},
				"east": {"uv": [8.5, 7.25, 8.625, 7.375], "texture": "#1"},
				"south": {"uv": [7.5, 8.5, 7.625, 8.625], "texture": "#1"},
				"west": {"uv": [8.5, 7.5, 8.625, 7.625], "texture": "#1"},
				"up": {"uv": [7.875, 8.625, 7.75, 8.5], "texture": "#1"},
				"down": {"uv": [8.625, 7.75, 8.5, 7.875], "texture": "#1"}
			}
		},
		{
			"from": [-0.375, 27.1, 7.8],
			"to": [0.2, 28.7, 8.2],
			"rotation": {"angle": -22.5, "axis": "z", "origin": [-2.1, 7.5, 7]},
			"faces": {
				"north": {"uv": [7.75, 4, 7.875, 4.375], "texture": "#1"},
				"east": {"uv": [4.25, 7.75, 4.375, 8.125], "texture": "#1"},
				"south": {"uv": [7.75, 4.5, 7.875, 4.875], "texture": "#1"},
				"west": {"uv": [5.25, 7.75, 5.375, 8.125], "texture": "#1"},
				"up": {"uv": [8.125, 8.625, 8, 8.5], "texture": "#1"},
				"down": {"uv": [8.625, 8, 8.5, 8.125], "texture": "#1"}
			}
		}
	],
	"display": {
		"thirdperson_righthand": {
			"rotation": [90, -90, 90],
			"translation": [0, 16.5, 1.5]
		},
		"thirdperson_lefthand": {
			"rotation": [90, -90, 90],
			"translation": [0, 18, 1]
		},
		"firstperson_righthand": {
			"rotation": [14.87, -63.07, 6.65],
			"translation": [5.75, 7.75, -6.75]
		},
		"firstperson_lefthand": {
			"rotation": [-8.54, -64.97, -9.9],
			"translation": [7.25, 10, -8.5]
		},
		"ground": {
			"rotation": [180, 90, 0],
			"translation": [0, 4.75, 0]
		},
		"gui": {
			"rotation": [0, 0, -45],
			"translation": [1.5, 1.75, 0],
			"scale": [0.6, 0.6, 0.6]
		},
		"head": {
			"rotation": [-91.5, 0, 0],
			"translation": [0, -26.75, -21.25]
		},
		"fixed": {
			"translation": [0, 8, 0]
		}
	},
	"groups": [
		{
			"name": "group",
			"origin": [8, 8, 8],
			"color": 0,
			"children": [
				{
					"name": "group",
					"origin": [8, 8, 8],
					"color": 5,
					"children": [0, 1, 2, 3, 4, 5, 6, 7, 8, 9, 10, 11, 12, 13, 14, 15, 16, 17, 18, 19]
				},
				{
					"name": "group",
					"origin": [8, 8, 8],
					"color": 1,
					"children": [20, 21, 22, 23, 24, 25, 26, 27, 28, 29, 30, 31, 32]
				},
				{
					"name": "huawen",
					"origin": [8, 8, 8],
					"color": 0,
					"children": [33, 34, 35, 36]
				},
				{
					"name": "group",
					"origin": [8, 8, 8],
					"color": 1,
					"children": [37, 38, 39, 40, 41, 42, 43, 44, 45, 46, 47, 48, 49, 50, 51, 52, 53, 54, 55, 56, 57, 58, 59, 60, 61, 62, 63, 64, 65, 66, 67, 68, 69, 70, 71, 72, 73, 74, 75, 76, 77, 78]
				},
				{
					"name": "group",
					"origin": [8, 8, 8],
					"color": 0,
					"children": [79, 80, 81, 82, 83]
				}
			]
		}
	]
}